time_ms,frame,slot,transmitters,delivered,lost
0,0,0,Node_07,8,0
1,0,1,Node_10,8,0
2,0,2,Node_06,8,0
3,0,3,Node_11,8,0
4,0,4,Node_03+Node_14,10,0
5,0,5,Node_02+Node_15,10,0
6,0,6,Node_05+Node_12,10,0
7,0,7,Node_08+Node_09,10,0
8,0,8,Node_01+Node_04+Node_13+Node_16,12,0
9,1,0,Node_07,8,0
10,1,1,Node_10,8,0
11,1,2,Node_06,8,0
12,1,3,Node_11,8,0
13,1,4,Node_03+Node_14,10,0
14,1,5,Node_02+Node_15,10,0
15,1,6,Node_05+Node_12,10,0
16,1,7,Node_08+Node_09,10,0
17,1,8,Node_01+Node_04+Node_13+Node_16,12,0
18,2,0,Node_07,8,0
19,2,1,Node_10,8,0
20,2,2,Node_06,8,0
21,2,3,Node_11,8,0
22,2,4,Node_03+Node_14,10,0
23,2,5,Node_02+Node_15,10,0
24,2,6,Node_05+Node_12,10,0
25,2,7,Node_08+Node_09,10,0
26,2,8,Node_01+Node_04+Node_13+Node_16,12,0
27,3,0,Node_07,8,0
28,3,1,Node_10,8,0
29,3,2,Node_06,8,0
30,3,3,Node_11,8,0
31,3,4,Node_03+Node_14,10,0
32,3,5,Node_02+Node_15,10,0
33,3,6,Node_05+Node_12,10,0
34,3,7,Node_08+Node_09,10,0
35,3,8,Node_01+Node_04+Node_13+Node_16,12,0
36,4,0,Node_07,8,0
37,4,1,Node_10,8,0
38,4,2,Node_06,8,0
39,4,3,Node_11,8,0
40,4,4,Node_03+Node_14,10,0
41,4,5,Node_02+Node_15,10,0
42,4,6,Node_05+Node_12,10,0
43,4,7,Node_08+Node_09,10,0
44,4,8,Node_01+Node_04+Node_13+Node_16,12,0
45,5,0,Node_07,8,0
46,5,1,Node_10,8,0
47,5,2,Node_06,8,0
48,5,3,Node_11,8,0
49,5,4,Node_03+Node_14,10,0
50,5,5,Node_02+Node_15,10,0
51,5,6,Node_05+Node_12,10,0
52,5,7,Node_08+Node_09,10,0
53,5,8,Node_01+Node_04+Node_13+Node_16,12,0
54,6,0,Node_07,8,0
55,6,1,Node_10,8,0
56,6,2,Node_06,8,0
57,6,3,Node_11,8,0
58,6,4,Node_03+Node_14,10,0
59,6,5,Node_02+Node_15,10,0
60,6,6,Node_05+Node_12,10,0
61,6,7,Node_08+Node_09,10,0
62,6,8,Node_01+Node_04+Node_13+Node_16,12,0
63,7,0,Node_07,8,0
64,7,1,Node_10,8,0
65,7,2,Node_06,8,0
66,7,3,Node_11,8,0
67,7,4,Node_03+Node_14,10,0
68,7,5,Node_02+Node_15,10,0
69,7,6,Node_05+Node_12,10,0
70,7,7,Node_08+Node_09,10,0
71,7,8,Node_01+Node_04+Node_13+Node_16,12,0
72,8,0,Node_07,8,0
73,8,1,Node_10,8,0
74,8,2,Node_06,8,0
75,8,3,Node_11,8,0
76,8,4,Node_03+Node_14,10,0
77,8,5,Node_02+Node_15,10,0
78,8,6,Node_05+Node_12,10,0
79,8,7,Node_08+Node_09,10,0
80,8,8,Node_01+Node_04+Node_13+Node_16,12,0
81,9,0,Node_07,8,0
82,9,1,Node_10,8,0
83,9,2,Node_06,8,0
84,9,3,Node_11,8,0
85,9,4,Node_03+Node_14,10,0
86,9,5,Node_02+Node_15,10,0
87,9,6,Node_05+Node_12,10,0
88,9,7,Node_08+Node_09,10,0
89,9,8,Node_01+Node_04+Node_13+Node_16,12,0
90,10,0,Node_07,8,0
91,10,1,Node_10,8,0
92,10,2,Node_06,8,0
93,10,3,Node_11,8,0
94,10,4,Node_03+Node_14,10,0
95,10,5,Node_02+Node_15,10,0
96,10,6,Node_05+Node_12,10,0
97,10,7,Node_08+Node_09,10,0
98,10,8,Node_01+Node_04+Node_13+Node_16,12,0
99,11,0,Node_07,8,0
100,11,1,Node_10,8,0
101,11,2,Node_06,8,0
102,11,3,Node_11,8,0
103,11,4,Node_03+Node_14,10,0
104,11,5,Node_02+Node_15,10,0
105,11,6,Node_05+Node_12,10,0
106,11,7,Node_08+Node_09,10,0
107,11,8,Node_01+Node_04+Node_13+Node_16,12,0
108,12,0,Node_07,8,0
109,12,1,Node_10,8,0
110,12,2,Node_06,8,0
111,12,3,Node_11,8,0
112,12,4,Node_03+Node_14,10,0
113,12,5,Node_02+Node_15,10,0
114,12,6,Node_05+Node_12,10,0
115,12,7,Node_08+Node_09,10,0
116,12,8,Node_01+Node_04+Node_13+Node_16,12,0
117,13,0,Node_07,8,0
118,13,1,Node_10,8,0
119,13,2,Node_06,8,0
120,13,3,Node_11,8,0
121,13,4,Node_03+Node_14,10,0
122,13,5,Node_02+Node_15,10,0
123,13,6,Node_05+Node_12,10,0
124,13,7,Node_08+Node_09,10,0
125,13,8,Node_01+Node_04+Node_13+Node_16,12,0
126,14,0,Node_07,8,0
127,14,1,Node_10,8,0
128,14,2,Node_06,8,0
129,14,3,Node_11,8,0
130,14,4,Node_03+Node_14,10,0
131,14,5,Node_02+Node_15,10,0
132,14,6,Node_05+Node_12,10,0
133,14,7,Node_08+Node_09,10,0
134,14,8,Node_01+Node_04+Node_13+Node_16,12,0
135,15,0,Node_07,8,0
136,15,1,Node_10,8,0
137,15,2,Node_06,8,0
138,15,3,Node_11,8,0
139,15,4,Node_03+Node_14,10,0
140,15,5,Node_02+Node_15,10,0
141,15,6,Node_05+Node_12,10,0
142,15,7,Node_08+Node_09,10,0
143,15,8,Node_01+Node_04+Node_13+Node_16,12,0
144,16,0,Node_07,8,0
145,16,1,Node_10,8,0
146,16,2,Node_06,8,0
147,16,3,Node_11,8,0
148,16,4,Node_03+Node_14,10,0
149,16,5,Node_02+Node_15,10,0
150,16,6,Node_05+Node_12,10,0
151,16,7,Node_08+Node_09,10,0
152,16,8,Node_01+Node_04+Node_13+Node_16,12,0
153,17,0,Node_07,8,0
154,17,1,Node_10,8,0
155,17,2,Node_06,8,0
156,17,3,Node_11,8,0
157,17,4,Node_03+Node_14,10,0
158,17,5,Node_02+Node_15,10,0
159,17,6,Node_05+Node_12,10,0
160,17,7,Node_08+Node_09,10,0
161,17,8,Node_01+Node_04+Node_13+Node_16,12,0
162,18,0,Node_07,8,0
163,18,1,Node_10,8,0
164,18,2,Node_06,8,0
165,18,3,Node_11,8,0
166,18,4,Node_03+Node_14,10,0
167,18,5,Node_02+Node_15,10,0
168,18,6,Node_05+Node_12,10,0
169,18,7,Node_08+Node_09,10,0
170,18,8,Node_01+Node_04+Node_13+Node_16,12,0
171,19,0,Node_07,8,0
172,19,1,Node_10,8,0
173,19,2,Node_06,8,0
174,19,3,Node_11,8,0
175,19,4,Node_03+Node_14,10,0
176,19,5,Node_02+Node_15,10,0
177,19,6,Node_05+Node_12,10,0
178,19,7,Node_08+Node_09,10,0
179,19,8,Node_01+Node_04+Node_13+Node_16,12,0
180,20,0,Node_07,8,0
181,20,1,Node_10,8,0
182,20,2,Node_06,8,0
183,20,3,Node_11,8,0
184,20,4,Node_03+Node_14,10,0
185,20,5,Node_02+Node_15,10,0
186,20,6,Node_05+Node_12,10,0
187,20,7,Node_08+Node_09,10,0
188,20,8,Node_01+Node_04+Node_13+Node_16,12,0
189,21,0,Node_07,8,0
190,21,1,Node_10,8,0
191,21,2,Node_06,8,0
192,21,3,Node_11,8,0
193,21,4,Node_03+Node_14,10,0
194,21,5,Node_02+Node_15,10,0
195,21,6,Node_05+Node_12,10,0
196,21,7,Node_08+Node_09,10,0
197,21,8,Node_01+Node_04+Node_13+Node_16,12,0
198,22,0,Node_07,8,0
199,22,1,Node_10,8,0
200,22,2,Node_06,8,0
201,22,3,Node_11,8,0
202,22,4,Node_03+Node_14,10,0
203,22,5,Node_02+Node_15,10,0
204,22,6,Node_05+Node_12,10,0
205,22,7,Node_08+Node_09,10,0
206,22,8,Node_01+Node_04+Node_13+Node_16,12,0
207,23,0,Node_07,8,0
208,23,1,Node_10,8,0
209,23,2,Node_06,8,0
210,23,3,Node_11,8,0
211,23,4,Node_03+Node_14,10,0
212,23,5,Node_02+Node_15,10,0
213,23,6,Node_05+Node_12,10,0
214,23,7,Node_08+Node_09,10,0
215,23,8,Node_01+Node_04+Node_13+Node_16,12,0
216,24,0,Node_07,8,0
217,24,1,Node_10,8,0
218,24,2,Node_06,8,0
219,24,3,Node_11,8,0
220,24,4,Node_03+Node_14,10,0
221,24,5,Node_02+Node_15,10,0
222,24,6,Node_05+Node_12,10,0
223,24,7,Node_08+Node_09,10,0
224,24,8,Node_01+Node_04+Node_13+Node_16,12,0
225,25,0,Node_07,8,0
226,25,1,Node_10,8,0
227,25,2,Node_06,8,0
228,25,3,Node_11,8,0
229,25,4,Node_03+Node_14,10,0
230,25,5,Node_02+Node_15,10,0
231,25,6,Node_05+Node_12,10,0
232,25,7,Node_08+Node_09,10,0
233,25,8,Node_01+Node_04+Node_13+Node_16,12,0
234,26,0,Node_07,8,0
235,26,1,Node_10,8,0
236,26,2,Node_06,8,0
237,26,3,Node_11,8,0
238,26,4,Node_03+Node_14,10,0
239,26,5,Node_02+Node_15,10,0
240,26,6,Node_05+Node_12,10,0
241,26,7,Node_08+Node_09,10,0
242,26,8,Node_01+Node_04+Node_13+Node_16,12,0
243,27,0,Node_07,8,0
244,27,1,Node_10,8,0
245,27,2,Node_06,8,0
246,27,3,Node_11,8,0
247,27,4,Node_03+Node_14,10,0
248,27,5,Node_02+Node_15,10,0
249,27,6,Node_05+Node_12,10,0
250,27,7,Node_08+Node_09,10,0
251,27,8,Node_01+Node_04+Node_13+Node_16,12,0
252,28,0,Node_07,8,0
253,28,1,Node_10,8,0
254,28,2,Node_06,8,0
255,28,3,Node_11,8,0
256,28,4,Node_03+Node_14,10,0
257,28,5,Node_02+Node_15,10,0
258,28,6,Node_05+Node_12,10,0
259,28,7,Node_08+Node_09,10,0
260,28,8,Node_01+Node_04+Node_13+Node_16,12,0
261,29,0,Node_07,8,0
262,29,1,Node_10,8,0
263,29,2,Node_06,8,0
264,29,3,Node_11,8,0
265,29,4,Node_03+Node_14,10,0
266,29,5,Node_02+Node_15,10,0
267,29,6,Node_05+Node_12,10,0
268,29,7,Node_08+Node_09,10,0
269,29,8,Node_01+Node_04+Node_13+Node_16,12,0
270,30,0,Node_07,8,0
271,30,1,Node_10,8,0
272,30,2,Node_06,8,0
273,30,3,Node_11,8,0
274,30,4,Node_03+Node_14,10,0
275,30,5,Node_02+Node_15,10,0
276,30,6,Node_05+Node_12,10,0
277,30,7,Node_08+Node_09,10,0
278,30,8,Node_01+Node_04+Node_13+Node_16,12,0
279,31,0,Node_07,8,0
280,31,1,Node_10,8,0
281,31,2,Node_06,8,0
282,31,3,Node_11,8,0
283,31,4,Node_03+Node_14,10,0
284,31,5,Node_02+Node_15,10,0
285,31,6,Node_05+Node_12,10,0
286,31,7,Node_08+Node_09,10,0
287,31,8,Node_01+Node_04+Node_13+Node_16,12,0
288,32,0,Node_07,8,0
289,32,1,Node_10,8,0
290,32,2,Node_06,8,0
291,32,3,Node_11,8,0
292,32,4,Node_03+Node_14,10,0
293,32,5,Node_02+Node_15,10,0
294,32,6,Node_05+Node_12,10,0
295,32,7,Node_08+Node_09,10,0
296,32,8,Node_01+Node_04+Node_13+Node_16,12,0
297,33,0,Node_07,8,0
298,33,1,Node_10,8,0
299,33,2,Node_06,8,0
300,33,3,Node_11,8,0
301,33,4,Node_03+Node_14,10,0
302,33,5,Node_02+Node_15,10,0
303,33,6,Node_05+Node_12,10,0
304,33,7,Node_08+Node_09,10,0
305,33,8,Node_01+Node_04+Node_13+Node_16,12,0
306,34,0,Node_07,8,0
307,34,1,Node_10,8,0
308,34,2,Node_06,8,0
309,34,3,Node_11,8,0
310,34,4,Node_03+Node_14,10,0
311,34,5,Node_02+Node_15,10,0
312,34,6,Node_05+Node_12,10,0
313,34,7,Node_08+Node_09,10,0
314,34,8,Node_01+Node_04+Node_13+Node_16,12,0
315,35,0,Node_07,8,0
316,35,1,Node_10,8,0
317,35,2,Node_06,8,0
318,35,3,Node_11,8,0
319,35,4,Node_03+Node_14,10,0
320,35,5,Node_02+Node_15,10,0
321,35,6,Node_05+Node_12,10,0
322,35,7,Node_08+Node_09,10,0
323,35,8,Node_01+Node_04+Node_13+Node_16,12,0
324,36,0,Node_07,8,0
325,36,1,Node_10,8,0
326,36,2,Node_06,8,0
327,36,3,Node_11,8,0
328,36,4,Node_03+Node_14,10,0
329,36,5,Node_02+Node_15,10,0
330,36,6,Node_05+Node_12,10,0
331,36,7,Node_08+Node_09,10,0
332,36,8,Node_01+Node_04+Node_13+Node_16,12,0
333,37,0,Node_07,8,0
334,37,1,Node_10,8,0
335,37,2,Node_06,8,0
336,37,3,Node_11,8,0
337,37,4,Node_03+Node_14,10,0
338,37,5,Node_02+Node_15,10,0
339,37,6,Node_05+Node_12,10,0
340,37,7,Node_08+Node_09,10,0
341,37,8,Node_01+Node_04+Node_13+Node_16,12,0
342,38,0,Node_07,8,0
343,38,1,Node_10,8,0
344,38,2,Node_06,8,0
345,38,3,Node_11,8,0
346,38,4,Node_03+Node_14,10,0
347,38,5,Node_02+Node_15,10,0
348,38,6,Node_05+Node_12,10,0
349,38,7,Node_08+Node_09,10,0
350,38,8,Node_01+Node_04+Node_13+Node_16,12,0
351,39,0,Node_07,8,0
352,39,1,Node_10,8,0
353,39,2,Node_06,8,0
354,39,3,Node_11,8,0
355,39,4,Node_03+Node_14,10,0
356,39,5,Node_02+Node_15,10,0
357,39,6,Node_05+Node_12,10,0
358,39,7,Node_08+Node_09,10,0
359,39,8,Node_01+Node_04+Node_13+Node_16,12,0
360,40,0,Node_07,8,0
361,40,1,Node_10,8,0
362,40,2,Node_06,8,0
363,40,3,Node_11,8,0
364,40,4,Node_03+Node_14,10,0
365,40,5,Node_02+Node_15,10,0
366,40,6,Node_05+Node_12,10,0
367,40,7,Node_08+Node_09,10,0
368,40,8,Node_01+Node_04+Node_13+Node_16,12,0
369,41,0,Node_07,8,0
370,41,1,Node_10,8,0
371,41,2,Node_06,8,0
372,41,3,Node_11,8,0
373,41,4,Node_03+Node_14,10,0
374,41,5,Node_02+Node_15,10,0
375,41,6,Node_05+Node_12,10,0
376,41,7,Node_08+Node_09,10,0
377,41,8,Node_01+Node_04+Node_13+Node_16,12,0
378,42,0,Node_07,8,0
379,42,1,Node_10,8,0
380,42,2,Node_06,8,0
381,42,3,Node_11,8,0
382,42,4,Node_03+Node_14,10,0
383,42,5,Node_02+Node_15,10,0
384,42,6,Node_05+Node_12,10,0
385,42,7,Node_08+Node_09,10,0
386,42,8,Node_01+Node_04+Node_13+Node_16,12,0
387,43,0,Node_07,8,0
388,43,1,Node_10,8,0
389,43,2,Node_06,8,0
390,43,3,Node_11,8,0
391,43,4,Node_03+Node_14,10,0
392,43,5,Node_02+Node_15,10,0
393,43,6,Node_05+Node_12,10,0
394,43,7,Node_08+Node_09,10,0
395,43,8,Node_01+Node_04+Node_13+Node_16,12,0
396,44,0,Node_07,8,0
397,44,1,Node_10,8,0
398,44,2,Node_06,8,0
399,44,3,Node_11,8,0
400,44,4,Node_03+Node_14,10,0
401,44,5,Node_02+Node_15,10,0
402,44,6,Node_05+Node_12,10,0
403,44,7,Node_08+Node_09,10,0
404,44,8,Node_01+Node_04+Node_13+Node_16,12,0
405,45,0,Node_07,8,0
406,45,1,Node_10,8,0
407,45,2,Node_06,8,0
408,45,3,Node_11,8,0
409,45,4,Node_03+Node_14,10,0
410,45,5,Node_02+Node_15,10,0
411,45,6,Node_05+Node_12,10,0
412,45,7,Node_08+Node_09,10,0
413,45,8,Node_01+Node_04+Node_13+Node_16,12,0
414,46,0,Node_07,8,0
415,46,1,Node_10,8,0
416,46,2,Node_06,8,0
417,46,3,Node_11,8,0
418,46,4,Node_03+Node_14,10,0
419,46,5,Node_02+Node_15,10,0
420,46,6,Node_05+Node_12,10,0
421,46,7,Node_08+Node_09,10,0
422,46,8,Node_01+Node_04+Node_13+Node_16,12,0
423,47,0,Node_07,8,0
424,47,1,Node_10,8,0
425,47,2,Node_06,8,0
426,47,3,Node_11,8,0
427,47,4,Node_03+Node_14,10,0
428,47,5,Node_02+Node_15,10,0
429,47,6,Node_05+Node_12,10,0
430,47,7,Node_08+Node_09,10,0
431,47,8,Node_01+Node_04+Node_13+Node_16,12,0
432,48,0,Node_07,8,0
433,48,1,Node_10,8,0
434,48,2,Node_06,8,0
435,48,3,Node_11,8,0
436,48,4,Node_03+Node_14,10,0
437,48,5,Node_02+Node_15,10,0
438,48,6,Node_05+Node_12,10,0
439,48,7,Node_08+Node_09,10,0
440,48,8,Node_01+Node_04+Node_13+Node_16,12,0
441,49,0,Node_07,8,0
442,49,1,Node_10,8,0
443,49,2,Node_06,8,0
444,49,3,Node_11,8,0
445,49,4,Node_03+Node_14,10,0
446,49,5,Node_02+Node_15,10,0
447,49,6,Node_05+Node_12,10,0
448,49,7,Node_08+Node_09,10,0
449,49,8,Node_01+Node_04+Node_13+Node_16,12,0
450,50,0,Node_07,8,0
451,50,1,Node_10,8,0
452,50,2,Node_06,8,0
453,50,3,Node_11,8,0
454,50,4,Node_03+Node_14,10,0
455,50,5,Node_02+Node_15,10,0
456,50,6,Node_05+Node_12,10,0
457,50,7,Node_08+Node_09,10,0
458,50,8,Node_01+Node_04+Node_13+Node_16,12,0
459,51,0,Node_07,8,0
460,51,1,Node_10,8,0
461,51,2,Node_06,8,0
462,51,3,Node_11,8,0
463,51,4,Node_03+Node_14,10,0
464,51,5,Node_02+Node_15,10,0
465,51,6,Node_05+Node_12,10,0
466,51,7,Node_08+Node_09,10,0
467,51,8,Node_01+Node_04+Node_13+Node_16,12,0
468,52,0,Node_07,8,0
469,52,1,Node_10,8,0
470,52,2,Node_06,8,0
471,52,3,Node_11,8,0
472,52,4,Node_03+Node_14,10,0
473,52,5,Node_02+Node_15,10,0
474,52,6,Node_05+Node_12,10,0
475,52,7,Node_08+Node_09,10,0
476,52,8,Node_01+Node_04+Node_13+Node_16,12,0
477,53,0,Node_07,8,0
478,53,1,Node_10,8,0
479,53,2,Node_06,8,0
480,53,3,Node_11,8,0
481,53,4,Node_03+Node_14,10,0
482,53,5,Node_02+Node_15,10,0
483,53,6,Node_05+Node_12,10,0
484,53,7,Node_08+Node_09,10,0
485,53,8,Node_01+Node_04+Node_13+Node_16,12,0
486,54,0,Node_07,8,0
487,54,1,Node_10,8,0
488,54,2,Node_06,8,0
489,54,3,Node_11,8,0
490,54,4,Node_03+Node_14,10,0
491,54,5,Node_02+Node_15,10,0
492,54,6,Node_05+Node_12,10,0
493,54,7,Node_08+Node_09,10,0
494,54,8,Node_01+Node_04+Node_13+Node_16,12,0
495,55,0,Node_07,8,0
496,55,1,Node_10,8,0
497,55,2,Node_06,8,0
498,55,3,Node_11,8,0
499,55,4,Node_03+Node_14,10,0
500,55,5,Node_02+Node_15,10,0
501,55,6,Node_05+Node_12,10,0
502,55,7,Node_08+Node_09,10,0
503,55,8,Node_01+Node_04+Node_13+Node_16,12,0
504,56,0,Node_07,8,0
505,56,1,Node_10,8,0
506,56,2,Node_06,8,0
507,56,3,Node_11,8,0
508,56,4,Node_03+Node_14,10,0
509,56,5,Node_02+Node_15,10,0
510,56,6,Node_05+Node_12,10,0
511,56,7,Node_08+Node_09,10,0
512,56,8,Node_01+Node_04+Node_13+Node_16,12,0
513,57,0,Node_07,8,0
514,57,1,Node_10,8,0
515,57,2,Node_06,8,0
516,57,3,Node_11,8,0
517,57,4,Node_03+Node_14,10,0
518,57,5,Node_02+Node_15,10,0
519,57,6,Node_05+Node_12,10,0
520,57,7,Node_08+Node_09,10,0
521,57,8,Node_01+Node_04+Node_13+Node_16,12,0
522,58,0,Node_07,8,0
523,58,1,Node_10,8,0
524,58,2,Node_06,8,0
525,58,3,Node_11,8,0
526,58,4,Node_03+Node_14,10,0
527,58,5,Node_02+Node_15,10,0
528,58,6,Node_05+Node_12,10,0
529,58,7,Node_08+Node_09,10,0
530,58,8,Node_01+Node_04+Node_13+Node_16,12,0
531,59,0,Node_07,8,0
532,59,1,Node_10,8,0
533,59,2,Node_06,8,0
534,59,3,Node_11,8,0
535,59,4,Node_03+Node_14,10,0
536,59,5,Node_02+Node_15,10,0
537,59,6,Node_05+Node_12,10,0
538,59,7,Node_08+Node_09,10,0
539,59,8,Node_01+Node_04+Node_13+Node_16,12,0
540,60,0,Node_07,8,0
541,60,1,Node_10,8,0
542,60,2,Node_06,8,0
543,60,3,Node_11,8,0
544,60,4,Node_03+Node_14,10,0
545,60,5,Node_02+Node_15,10,0
546,60,6,Node_05+Node_12,10,0
547,60,7,Node_08+Node_09,10,0
548,60,8,Node_01+Node_04+Node_13+Node_16,12,0
549,61,0,Node_07,8,0
550,61,1,Node_10,8,0
551,61,2,Node_06,8,0
552,61,3,Node_11,8,0
553,61,4,Node_03+Node_14,10,0
554,61,5,Node_02+Node_15,10,0
555,61,6,Node_05+Node_12,10,0
556,61,7,Node_08+Node_09,10,0
557,61,8,Node_01+Node_04+Node_13+Node_16,12,0
558,62,0,Node_07,8,0
559,62,1,Node_10,8,0
560,62,2,Node_06,8,0
561,62,3,Node_11,8,0
562,62,4,Node_03+Node_14,10,0
563,62,5,Node_02+Node_15,10,0
564,62,6,Node_05+Node_12,10,0
565,62,7,Node_08+Node_09,10,0
566,62,8,Node_01+Node_04+Node_13+Node_16,12,0
567,63,0,Node_07,8,0
568,63,1,Node_10,8,0
569,63,2,Node_06,8,0
570,63,3,Node_11,8,0
571,63,4,Node_03+Node_14,10,0
572,63,5,Node_02+Node_15,10,0
573,63,6,Node_05+Node_12,10,0
574,63,7,Node_08+Node_09,10,0
575,63,8,Node_01+Node_04+Node_13+Node_16,12,0
576,64,0,Node_07,8,0
577,64,1,Node_10,8,0
578,64,2,Node_06,8,0
579,64,3,Node_11,8,0
580,64,4,Node_03+Node_14,10,0
581,64,5,Node_02+Node_15,10,0
582,64,6,Node_05+Node_12,10,0
583,64,7,Node_08+Node_09,10,0
584,64,8,Node_01+Node_04+Node_13+Node_16,12,0
585,65,0,Node_07,8,0
586,65,1,Node_10,8,0
587,65,2,Node_06,8,0
588,65,3,Node_11,8,0
589,65,4,Node_03+Node_14,10,0
590,65,5,Node_02+Node_15,10,0
591,65,6,Node_05+Node_12,10,0
592,65,7,Node_08+Node_09,10,0
593,65,8,Node_01+Node_04+Node_13+Node_16,12,0
594,66,0,Node_07,8,0
595,66,1,Node_10,8,0
596,66,2,Node_06,8,0
597,66,3,Node_11,8,0
598,66,4,Node_03+Node_14,10,0
599,66,5,Node_02+Node_15,10,0
600,66,6,Node_05+Node_12,10,0
601,66,7,Node_08+Node_09,10,0
602,66,8,Node_01+Node_04+Node_13+Node_16,12,0
603,67,0,Node_07,8,0
604,67,1,Node_10,8,0
605,67,2,Node_06,8,0
606,67,3,Node_11,8,0
607,67,4,Node_03+Node_14,10,0
608,67,5,Node_02+Node_15,10,0
609,67,6,Node_05+Node_12,10,0
610,67,7,Node_08+Node_09,10,0
611,67,8,Node_01+Node_04+Node_13+Node_16,12,0
612,68,0,Node_07,8,0
613,68,1,Node_10,8,0
614,68,2,Node_06,8,0
615,68,3,Node_11,8,0
616,68,4,Node_03+Node_14,10,0
617,68,5,Node_02+Node_15,10,0
618,68,6,Node_05+Node_12,10,0
619,68,7,Node_08+Node_09,10,0
620,68,8,Node_01+Node_04+Node_13+Node_16,12,0
621,69,0,Node_07,8,0
622,69,1,Node_10,8,0
623,69,2,Node_06,8,0
624,69,3,Node_11,8,0
625,69,4,Node_03+Node_14,10,0
626,69,5,Node_02+Node_15,10,0
627,69,6,Node_05+Node_12,10,0
628,69,7,Node_08+Node_09,10,0
629,69,8,Node_01+Node_04+Node_13+Node_16,12,0
630,70,0,Node_07,8,0
631,70,1,Node_10,8,0
632,70,2,Node_06,8,0
633,70,3,Node_11,8,0
634,70,4,Node_03+Node_14,10,0
635,70,5,Node_02+Node_15,10,0
636,70,6,Node_05+Node_12,10,0
637,70,7,Node_08+Node_09,10,0
638,70,8,Node_01+Node_04+Node_13+Node_16,12,0
639,71,0,Node_07,8,0
640,71,1,Node_10,8,0
641,71,2,Node_06,8,0
642,71,3,Node_11,8,0
643,71,4,Node_03+Node_14,10,0
644,71,5,Node_02+Node_15,10,0
645,71,6,Node_05+Node_12,10,0
646,71,7,Node_08+Node_09,10,0
647,71,8,Node_01+Node_04+Node_13+Node_16,12,0
648,72,0,Node_07,8,0
649,72,1,Node_10,8,0
650,72,2,Node_06,8,0
651,72,3,Node_11,8,0
652,72,4,Node_03+Node_14,10,0
653,72,5,Node_02+Node_15,10,0
654,72,6,Node_05+Node_12,10,0
655,72,7,Node_08+Node_09,10,0
656,72,8,Node_01+Node_04+Node_13+Node_16,12,0
657,73,0,Node_07,8,0
658,73,1,Node_10,8,0
659,73,2,Node_06,8,0
660,73,3,Node_11,8,0
661,73,4,Node_03+Node_14,10,0
662,73,5,Node_02+Node_15,10,0
663,73,6,Node_05+Node_12,10,0
664,73,7,Node_08+Node_09,10,0
665,73,8,Node_01+Node_04+Node_13+Node_16,12,0
666,74,0,Node_07,8,0
667,74,1,Node_10,8,0
668,74,2,Node_06,8,0
669,74,3,Node_11,8,0
670,74,4,Node_03+Node_14,10,0
671,74,5,Node_02+Node_15,10,0
672,74,6,Node_05+Node_12,10,0
673,74,7,Node_08+Node_09,10,0
674,74,8,Node_01+Node_04+Node_13+Node_16,12,0
675,75,0,Node_07,8,0
676,75,1,Node_10,8,0
677,75,2,Node_06,8,0
678,75,3,Node_11,8,0
679,75,4,Node_03+Node_14,10,0
680,75,5,Node_02+Node_15,10,0
681,75,6,Node_05+Node_12,10,0
682,75,7,Node_08+Node_09,10,0
683,75,8,Node_01+Node_04+Node_13+Node_16,12,0
684,76,0,Node_07,8,0
685,76,1,Node_10,8,0
686,76,2,Node_06,8,0
687,76,3,Node_11,8,0
688,76,4,Node_03+Node_14,10,0
689,76,5,Node_02+Node_15,10,0
690,76,6,Node_05+Node_12,10,0
691,76,7,Node_08+Node_09,10,0
692,76,8,Node_01+Node_04+Node_13+Node_16,12,0
693,77,0,Node_07,8,0
694,77,1,Node_10,8,0
695,77,2,Node_06,8,0
696,77,3,Node_11,8,0
697,77,4,Node_03+Node_14,10,0
698,77,5,Node_02+Node_15,10,0
699,77,6,Node_05+Node_12,10,0
700,77,7,Node_08+Node_09,10,0
701,77,8,Node_01+Node_04+Node_13+Node_16,12,0
702,78,0,Node_07,8,0
703,78,1,Node_10,8,0
704,78,2,Node_06,8,0
705,78,3,Node_11,8,0
706,78,4,Node_03+Node_14,10,0
707,78,5,Node_02+Node_15,10,0
708,78,6,Node_05+Node_12,10,0
709,78,7,Node_08+Node_09,10,0
710,78,8,Node_01+Node_04+Node_13+Node_16,12,0
711,79,0,Node_07,8,0
712,79,1,Node_10,8,0
713,79,2,Node_06,8,0
714,79,3,Node_11,8,0
715,79,4,Node_03+Node_14,10,0
716,79,5,Node_02+Node_15,10,0
717,79,6,Node_05+Node_12,10,0
718,79,7,Node_08+Node_09,10,0
719,79,8,Node_01+Node_04+Node_13+Node_16,12,0
720,80,0,Node_07,8,0
721,80,1,Node_10,8,0
722,80,2,Node_06,8,0
723,80,3,Node_11,8,0
724,80,4,Node_03+Node_14,10,0
725,80,5,Node_02+Node_15,10,0
726,80,6,Node_05+Node_12,10,0
727,80,7,Node_08+Node_09,10,0
728,80,8,Node_01+Node_04+Node_13+Node_16,12,0
729,81,0,Node_07,8,0
730,81,1,Node_10,8,0
731,81,2,Node_06,8,0
732,81,3,Node_11,8,0
733,81,4,Node_03+Node_14,10,0
734,81,5,Node_02+Node_15,10,0
735,81,6,Node_05+Node_12,10,0
736,81,7,Node_08+Node_09,10,0
737,81,8,Node_01+Node_04+Node_13+Node_16,12,0
738,82,0,Node_07,8,0
739,82,1,Node_10,8,0
740,82,2,Node_06,8,0
741,82,3,Node_11,8,0
742,82,4,Node_03+Node_14,10,0
743,82,5,Node_02+Node_15,10,0
744,82,6,Node_05+Node_12,10,0
745,82,7,Node_08+Node_09,10,0
746,82,8,Node_01+Node_04+Node_13+Node_16,12,0
747,83,0,Node_07,8,0
748,83,1,Node_10,8,0
749,83,2,Node_06,8,0
750,83,3,Node_11,8,0
751,83,4,Node_03+Node_14,10,0
752,83,5,Node_02+Node_15,10,0
753,83,6,Node_05+Node_12,10,0
754,83,7,Node_08+Node_09,10,0
755,83,8,Node_01+Node_04+Node_13+Node_16,12,0
756,84,0,Node_07,8,0
757,84,1,Node_10,8,0
758,84,2,Node_06,8,0
759,84,3,Node_11,8,0
760,84,4,Node_03+Node_14,10,0
761,84,5,Node_02+Node_15,10,0
762,84,6,Node_05+Node_12,10,0
763,84,7,Node_08+Node_09,10,0
764,84,8,Node_01+Node_04+Node_13+Node_16,12,0
765,85,0,Node_07,8,0
766,85,1,Node_10,8,0
767,85,2,Node_06,8,0
768,85,3,Node_11,8,0
769,85,4,Node_03+Node_14,10,0
770,85,5,Node_02+Node_15,10,0
771,85,6,Node_05+Node_12,10,0
772,85,7,Node_08+Node_09,10,0
773,85,8,Node_01+Node_04+Node_13+Node_16,12,0
774,86,0,Node_07,8,0
775,86,1,Node_10,8,0
776,86,2,Node_06,8,0
777,86,3,Node_11,8,0
778,86,4,Node_03+Node_14,10,0
779,86,5,Node_02+Node_15,10,0
780,86,6,Node_05+Node_12,10,0
781,86,7,Node_08+Node_09,10,0
782,86,8,Node_01+Node_04+Node_13+Node_16,12,0
783,87,0,Node_07,8,0
784,87,1,Node_10,8,0
785,87,2,Node_06,8,0
786,87,3,Node_11,8,0
787,87,4,Node_03+Node_14,10,0
788,87,5,Node_02+Node_15,10,0
789,87,6,Node_05+Node_12,10,0
790,87,7,Node_08+Node_09,10,0
791,87,8,Node_01+Node_04+Node_13+Node_16,12,0
792,88,0,Node_07,8,0
793,88,1,Node_10,8,0
794,88,2,Node_06,8,0
795,88,3,Node_11,8,0
796,88,4,Node_03+Node_14,10,0
797,88,5,Node_02+Node_15,10,0
798,88,6,Node_05+Node_12,10,0
799,88,7,Node_08+Node_09,10,0
800,88,8,Node_01+Node_04+Node_13+Node_16,12,0
801,89,0,Node_07,8,0
802,89,1,Node_10,8,0
803,89,2,Node_06,8,0
804,89,3,Node_11,8,0
805,89,4,Node_03+Node_14,10,0
806,89,5,Node_02+Node_15,10,0
807,89,6,Node_05+Node_12,10,0
808,89,7,Node_08+Node_09,10,0
809,89,8,Node_01+Node_04+Node_13+Node_16,12,0
810,90,0,Node_07,8,0
811,90,1,Node_10,8,0
812,90,2,Node_06,8,0
813,90,3,Node_11,8,0
814,90,4,Node_03+Node_14,10,0
815,90,5,Node_02+Node_15,10,0
816,90,6,Node_05+Node_12,10,0
817,90,7,Node_08+Node_09,10,0
818,90,8,Node_01+Node_04+Node_13+Node_16,12,0
819,91,0,Node_07,8,0
820,91,1,Node_10,8,0
821,91,2,Node_06,8,0
822,91,3,Node_11,8,0
823,91,4,Node_03+Node_14,10,0
824,91,5,Node_02+Node_15,10,0
825,91,6,Node_05+Node_12,10,0
826,91,7,Node_08+Node_09,10,0
827,91,8,Node_01+Node_04+Node_13+Node_16,12,0
828,92,0,Node_07,8,0
829,92,1,Node_10,8,0
830,92,2,Node_06,8,0
831,92,3,Node_11,8,0
832,92,4,Node_03+Node_14,10,0
833,92,5,Node_02+Node_15,10,0
834,92,6,Node_05+Node_12,10,0
835,92,7,Node_08+Node_09,10,0
836,92,8,Node_01+Node_04+Node_13+Node_16,12,0
837,93,0,Node_07,8,0
838,93,1,Node_10,8,0
839,93,2,Node_06,8,0
840,93,3,Node_11,8,0
841,93,4,Node_03+Node_14,10,0
842,93,5,Node_02+Node_15,10,0
843,93,6,Node_05+Node_12,10,0
844,93,7,Node_08+Node_09,10,0
845,93,8,Node_01+Node_04+Node_13+Node_16,12,0
846,94,0,Node_07,8,0
847,94,1,Node_10,8,0
848,94,2,Node_06,8,0
849,94,3,Node_11,8,0
850,94,4,Node_03+Node_14,10,0
851,94,5,Node_02+Node_15,10,0
852,94,6,Node_05+Node_12,10,0
853,94,7,Node_08+Node_09,10,0
854,94,8,Node_01+Node_04+Node_13+Node_16,12,0
855,95,0,Node_07,8,0
856,95,1,Node_10,8,0
857,95,2,Node_06,8,0
858,95,3,Node_11,8,0
859,95,4,Node_03+Node_14,10,0
860,95,5,Node_02+Node_15,10,0
861,95,6,Node_05+Node_12,10,0
862,95,7,Node_08+Node_09,10,0
863,95,8,Node_01+Node_04+Node_13+Node_16,12,0
864,96,0,Node_07,8,0
865,96,1,Node_10,8,0
866,96,2,Node_06,8,0
867,96,3,Node_11,8,0
868,96,4,Node_03+Node_14,10,0
869,96,5,Node_02+Node_15,10,0
870,96,6,Node_05+Node_12,10,0
871,96,7,Node_08+Node_09,10,0
872,96,8,Node_01+Node_04+Node_13+Node_16,12,0
873,97,0,Node_07,8,0
874,97,1,Node_10,8,0
875,97,2,Node_06,8,0
876,97,3,Node_11,8,0
877,97,4,Node_03+Node_14,10,0
878,97,5,Node_02+Node_15,10,0
879,97,6,Node_05+Node_12,10,0
880,97,7,Node_08+Node_09,10,0
881,97,8,Node_01+Node_04+Node_13+Node_16,12,0
882,98,0,Node_07,8,0
883,98,1,Node_10,8,0
884,98,2,Node_06,8,0
885,98,3,Node_11,8,0
886,98,4,Node_03+Node_14,10,0
887,98,5,Node_02+Node_15,10,0
888,98,6,Node_05+Node_12,10,0
889,98,7,Node_08+Node_09,10,0
890,98,8,Node_01+Node_04+Node_13+Node_16,12,0
891,99,0,Node_07,8,0
892,99,1,Node_10,8,0
893,99,2,Node_06,8,0
894,99,3,Node_11,8,0
895,99,4,Node_03+Node_14,10,0
896,99,5,Node_02+Node_15,10,0
897,99,6,Node_05+Node_12,10,0
898,99,7,Node_08+Node_09,10,0
899,99,8,Node_01+Node_04+Node_13+Node_16,12,0
900,100,0,Node_07,8,0
901,100,1,Node_10,8,0
902,100,2,Node_06,8,0
903,100,3,Node_11,8,0
904,100,4,Node_03+Node_14,10,0
905,100,5,Node_02+Node_15,10,0
906,100,6,Node_05+Node_12,10,0
907,100,7,Node_08+Node_09,10,0
908,100,8,Node_01+Node_04+Node_13+Node_16,12,0
909,101,0,Node_07,8,0
910,101,1,Node_10,8,0
911,101,2,Node_06,8,0
912,101,3,Node_11,8,0
913,101,4,Node_03+Node_14,10,0
914,101,5,Node_02+Node_15,10,0
915,101,6,Node_05+Node_12,10,0
916,101,7,Node_08+Node_09,10,0
917,101,8,Node_01+Node_04+Node_13+Node_16,12,0
918,102,0,Node_07,8,0
919,102,1,Node_10,8,0
920,102,2,Node_06,8,0
921,102,3,Node_11,8,0
922,102,4,Node_03+Node_14,10,0
923,102,5,Node_02+Node_15,10,0
924,102,6,Node_05+Node_12,10,0
925,102,7,Node_08+Node_09,10,0
926,102,8,Node_01+Node_04+Node_13+Node_16,12,0
927,103,0,Node_07,8,0
928,103,1,Node_10,8,0
929,103,2,Node_06,8,0
930,103,3,Node_11,8,0
931,103,4,Node_03+Node_14,10,0
932,103,5,Node_02+Node_15,10,0
933,103,6,Node_05+Node_12,10,0
934,103,7,Node_08+Node_09,10,0
935,103,8,Node_01+Node_04+Node_13+Node_16,12,0
936,104,0,Node_07,8,0
937,104,1,Node_10,8,0
938,104,2,Node_06,8,0
939,104,3,Node_11,8,0
940,104,4,Node_03+Node_14,10,0
941,104,5,Node_02+Node_15,10,0
942,104,6,Node_05+Node_12,10,0
943,104,7,Node_08+Node_09,10,0
944,104,8,Node_01+Node_04+Node_13+Node_16,12,0
945,105,0,Node_07,8,0
946,105,1,Node_10,8,0
947,105,2,Node_06,8,0
948,105,3,Node_11,8,0
949,105,4,Node_03+Node_14,10,0
950,105,5,Node_02+Node_15,10,0
951,105,6,Node_05+Node_12,10,0
952,105,7,Node_08+Node_09,10,0
953,105,8,Node_01+Node_04+Node_13+Node_16,12,0
954,106,0,Node_07,8,0
955,106,1,Node_10,8,0
956,106,2,Node_06,8,0
957,106,3,Node_11,8,0
958,106,4,Node_03+Node_14,10,0
959,106,5,Node_02+Node_15,10,0
960,106,6,Node_05+Node_12,10,0
961,106,7,Node_08+Node_09,10,0
962,106,8,Node_01+Node_04+Node_13+Node_16,12,0
963,107,0,Node_07,8,0
964,107,1,Node_10,8,0
965,107,2,Node_06,8,0
966,107,3,Node_11,8,0
967,107,4,Node_03+Node_14,10,0
968,107,5,Node_02+Node_15,10,0
969,107,6,Node_05+Node_12,10,0
970,107,7,Node_08+Node_09,10,0
971,107,8,Node_01+Node_04+Node_13+Node_16,12,0
972,108,0,Node_07,8,0
973,108,1,Node_10,8,0
974,108,2,Node_06,8,0
975,108,3,Node_11,8,0
976,108,4,Node_03+Node_14,10,0
977,108,5,Node_02+Node_15,10,0
978,108,6,Node_05+Node_12,10,0
979,108,7,Node_08+Node_09,10,0
980,108,8,Node_01+Node_04+Node_13+Node_16,12,0
981,109,0,Node_07,8,0
982,109,1,Node_10,8,0
983,109,2,Node_06,8,0
984,109,3,Node_11,8,0
985,109,4,Node_03+Node_14,10,0
986,109,5,Node_02+Node_15,10,0
987,109,6,Node_05+Node_12,10,0
988,109,7,Node_08+Node_09,10,0
989,109,8,Node_01+Node_04+Node_13+Node_16,12,0
990,110,0,Node_07,8,0
991,110,1,Node_10,8,0
992,110,2,Node_06,8,0
993,110,3,Node_11,8,0
994,110,4,Node_03+Node_14,10,0
995,110,5,Node_02+Node_15,10,0
996,110,6,Node_05+Node_12,10,0
997,110,7,Node_08+Node_09,10,0
998,110,8,Node_01+Node_04+Node_13+Node_16,12,0
999,111,0,Node_07,8,0
1000,111,1,Node_10,8,0
1001,111,2,Node_06,8,0
1002,111,3,Node_11,8,0
1003,111,4,Node_03+Node_14,10,0
1004,111,5,Node_02+Node_15,10,0
1005,111,6,Node_05+Node_12,10,0
1006,111,7,Node_08+Node_09,10,0
1007,111,8,Node_01+Node_04+Node_13+Node_16,12,0
1008,112,0,Node_07,8,0
1009,112,1,Node_10,8,0
1010,112,2,Node_06,8,0
1011,112,3,Node_11,8,0
1012,112,4,Node_03+Node_14,10,0
1013,112,5,Node_02+Node_15,10,0
1014,112,6,Node_05+Node_12,10,0
1015,112,7,Node_08+Node_09,10,0
1016,112,8,Node_01+Node_04+Node_13+Node_16,12,0
1017,113,0,Node_07,8,0
1018,113,1,Node_10,8,0
1019,113,2,Node_06,8,0
1020,113,3,Node_11,8,0
1021,113,4,Node_03+Node_14,10,0
1022,113,5,Node_02+Node_15,10,0
1023,113,6,Node_05+Node_12,10,0
1024,113,7,Node_08+Node_09,10,0
1025,113,8,Node_01+Node_04+Node_13+Node_16,12,0
1026,114,0,Node_07,8,0
1027,114,1,Node_10,8,0
1028,114,2,Node_06,8,0
1029,114,3,Node_11,8,0
1030,114,4,Node_03+Node_14,10,0
1031,114,5,Node_02+Node_15,10,0
1032,114,6,Node_05+Node_12,10,0
1033,114,7,Node_08+Node_09,10,0
1034,114,8,Node_01+Node_04+Node_13+Node_16,12,0
1035,115,0,Node_07,8,0
1036,115,1,Node_10,8,0
1037,115,2,Node_06,8,0
1038,115,3,Node_11,8,0
1039,115,4,Node_03+Node_14,10,0
1040,115,5,Node_02+Node_15,10,0
1041,115,6,Node_05+Node_12,10,0
1042,115,7,Node_08+Node_09,10,0
1043,115,8,Node_01+Node_04+Node_13+Node_16,12,0
1044,116,0,Node_07,8,0
1045,116,1,Node_10,8,0
1046,116,2,Node_06,8,0
1047,116,3,Node_11,8,0
1048,116,4,Node_03+Node_14,10,0
1049,116,5,Node_02+Node_15,10,0
1050,116,6,Node_05+Node_12,10,0
1051,116,7,Node_08+Node_09,10,0
1052,116,8,Node_01+Node_04+Node_13+Node_16,12,0
1053,117,0,Node_07,8,0
1054,117,1,Node_10,8,0
1055,117,2,Node_06,8,0
1056,117,3,Node_11,8,0
1057,117,4,Node_03+Node_14,10,0
1058,117,5,Node_02+Node_15,10,0
1059,117,6,Node_05+Node_12,10,0
1060,117,7,Node_08+Node_09,10,0
1061,117,8,Node_01+Node_04+Node_13+Node_16,12,0
1062,118,0,Node_07,8,0
1063,118,1,Node_10,8,0
1064,118,2,Node_06,8,0
1065,118,3,Node_11,8,0
1066,118,4,Node_03+Node_14,10,0
1067,118,5,Node_02+Node_15,10,0
1068,118,6,Node_05+Node_12,10,0
1069,118,7,Node_08+Node_09,10,0
1070,118,8,Node_01+Node_04+Node_13+Node_16,12,0
1071,119,0,Node_07,8,0
1072,119,1,Node_10,8,0
1073,119,2,Node_06,8,0
1074,119,3,Node_11,8,0
1075,119,4,Node_03+Node_14,10,0
1076,119,5,Node_02+Node_15,10,0
1077,119,6,Node_05+Node_12,10,0
1078,119,7,Node_08+Node_09,10,0
1079,119,8,Node_01+Node_04+Node_13+Node_16,12,0
1080,120,0,Node_07,8,0
1081,120,1,Node_10,8,0
1082,120,2,Node_06,8,0
1083,120,3,Node_11,8,0
1084,120,4,Node_03+Node_14,10,0
1085,120,5,Node_02+Node_15,10,0
1086,120,6,Node_05+Node_12,10,0
1087,120,7,Node_08+Node_09,10,0
1088,120,8,Node_01+Node_04+Node_13+Node_16,12,0
1089,121,0,Node_07,8,0
1090,121,1,Node_10,8,0
1091,121,2,Node_06,8,0
1092,121,3,Node_11,8,0
1093,121,4,Node_03+Node_14,10,0
1094,121,5,Node_02+Node_15,10,0
1095,121,6,Node_05+Node_12,10,0
1096,121,7,Node_08+Node_09,10,0
1097,121,8,Node_01+Node_04+Node_13+Node_16,12,0
1098,122,0,Node_07,8,0
1099,122,1,Node_10,8,0
1100,122,2,Node_06,8,0
1101,122,3,Node_11,8,0
1102,122,4,Node_03+Node_14,10,0
1103,122,5,Node_02+Node_15,10,0
1104,122,6,Node_05+Node_12,10,0
1105,122,7,Node_08+Node_09,10,0
1106,122,8,Node_01+Node_04+Node_13+Node_16,12,0
1107,123,0,Node_07,8,0
1108,123,1,Node_10,8,0
1109,123,2,Node_06,8,0
1110,123,3,Node_11,8,0
1111,123,4,Node_03+Node_14,10,0
1112,123,5,Node_02+Node_15,10,0
1113,123,6,Node_05+Node_12,10,0
1114,123,7,Node_08+Node_09,10,0
1115,123,8,Node_01+Node_04+Node_13+Node_16,12,0
1116,124,0,Node_07,8,0
1117,124,1,Node_10,8,0
1118,124,2,Node_06,8,0
1119,124,3,Node_11,8,0
1120,124,4,Node_03+Node_14,10,0
1121,124,5,Node_02+Node_15,10,0
1122,124,6,Node_05+Node_12,10,0
1123,124,7,Node_08+Node_09,10,0
1124,124,8,Node_01+Node_04+Node_13+Node_16,12,0
1125,125,0,Node_07,8,0
1126,125,1,Node_10,8,0
1127,125,2,Node_06,8,0
1128,125,3,Node_11,8,0
1129,125,4,Node_03+Node_14,10,0
1130,125,5,Node_02+Node_15,10,0
1131,125,6,Node_05+Node_12,10,0
1132,125,7,Node_08+Node_09,10,0
1133,125,8,Node_01+Node_04+Node_13+Node_16,12,0
1134,126,0,Node_07,8,0
1135,126,1,Node_10,8,0
1136,126,2,Node_06,8,0
1137,126,3,Node_11,8,0
1138,126,4,Node_03+Node_14,10,0
1139,126,5,Node_02+Node_15,10,0
1140,126,6,Node_05+Node_12,10,0
1141,126,7,Node_08+Node_09,10,0
1142,126,8,Node_01+Node_04+Node_13+Node_16,12,0
1143,127,0,Node_07,8,0
1144,127,1,Node_10,8,0
1145,127,2,Node_06,8,0
1146,127,3,Node_11,8,0
1147,127,4,Node_03+Node_14,10,0
1148,127,5,Node_02+Node_15,10,0
1149,127,6,Node_05+Node_12,10,0
1150,127,7,Node_08+Node_09,10,0
1151,127,8,Node_01+Node_04+Node_13+Node_16,12,0
1152,128,0,Node_07,8,0
1153,128,1,Node_10,8,0
1154,128,2,Node_06,8,0
1155,128,3,Node_11,8,0
1156,128,4,Node_03+Node_14,10,0
1157,128,5,Node_02+Node_15,10,0
1158,128,6,Node_05+Node_12,10,0
1159,128,7,Node_08+Node_09,10,0
1160,128,8,Node_01+Node_04+Node_13+Node_16,12,0
1161,129,0,Node_07,8,0
1162,129,1,Node_10,8,0
1163,129,2,Node_06,8,0
1164,129,3,Node_11,8,0
1165,129,4,Node_03+Node_14,10,0
1166,129,5,Node_02+Node_15,10,0
1167,129,6,Node_05+Node_12,10,0
1168,129,7,Node_08+Node_09,10,0
1169,129,8,Node_01+Node_04+Node_13+Node_16,12,0
1170,130,0,Node_07,8,0
1171,130,1,Node_10,8,0
1172,130,2,Node_06,8,0
1173,130,3,Node_11,8,0
1174,130,4,Node_03+Node_14,10,0
1175,130,5,Node_02+Node_15,10,0
1176,130,6,Node_05+Node_12,10,0
1177,130,7,Node_08+Node_09,10,0
1178,130,8,Node_01+Node_04+Node_13+Node_16,12,0
1179,131,0,Node_07,8,0
1180,131,1,Node_10,8,0
1181,131,2,Node_06,8,0
1182,131,3,Node_11,8,0
1183,131,4,Node_03+Node_14,10,0
1184,131,5,Node_02+Node_15,10,0
1185,131,6,Node_05+Node_12,10,0
1186,131,7,Node_08+Node_09,10,0
1187,131,8,Node_01+Node_04+Node_13+Node_16,12,0
1188,132,0,Node_07,8,0
1189,132,1,Node_10,8,0
1190,132,2,Node_06,8,0
1191,132,3,Node_11,8,0
1192,132,4,Node_03+Node_14,10,0
1193,132,5,Node_02+Node_15,10,0
1194,132,6,Node_05+Node_12,10,0
1195,132,7,Node_08+Node_09,10,0
1196,132,8,Node_01+Node_04+Node_13+Node_16,12,0
1197,133,0,Node_07,8,0
1198,133,1,Node_10,8,0
1199,133,2,Node_06,8,0
1200,133,3,Node_11,8,0
1201,133,4,Node_03+Node_14,10,0
1202,133,5,Node_02+Node_15,10,0
1203,133,6,Node_05+Node_12,10,0
1204,133,7,Node_08+Node_09,10,0
1205,133,8,Node_01+Node_04+Node_13+Node_16,12,0
1206,134,0,Node_07,8,0
1207,134,1,Node_10,8,0
1208,134,2,Node_06,8,0
1209,134,3,Node_11,8,0
1210,134,4,Node_03+Node_14,10,0
1211,134,5,Node_02+Node_15,10,0
1212,134,6,Node_05+Node_12,10,0
1213,134,7,Node_08+Node_09,10,0
1214,134,8,Node_01+Node_04+Node_13+Node_16,12,0
1215,135,0,Node_07,8,0
1216,135,1,Node_10,8,0
1217,135,2,Node_06,8,0
1218,135,3,Node_11,8,0
1219,135,4,Node_03+Node_14,10,0
1220,135,5,Node_02+Node_15,10,0
1221,135,6,Node_05+Node_12,10,0
1222,135,7,Node_08+Node_09,10,0
1223,135,8,Node_01+Node_04+Node_13+Node_16,12,0
1224,136,0,Node_07,8,0
1225,136,1,Node_10,8,0
1226,136,2,Node_06,8,0
1227,136,3,Node_11,8,0
1228,136,4,Node_03+Node_14,10,0
1229,136,5,Node_02+Node_15,10,0
1230,136,6,Node_05+Node_12,10,0
1231,136,7,Node_08+Node_09,10,0
1232,136,8,Node_01+Node_04+Node_13+Node_16,12,0
1233,137,0,Node_07,8,0
1234,137,1,Node_10,8,0
1235,137,2,Node_06,8,0
1236,137,3,Node_11,8,0
1237,137,4,Node_03+Node_14,10,0
1238,137,5,Node_02+Node_15,10,0
1239,137,6,Node_05+Node_12,10,0
1240,137,7,Node_08+Node_09,10,0
1241,137,8,Node_01+Node_04+Node_13+Node_16,12,0
1242,138,0,Node_07,8,0
1243,138,1,Node_10,8,0
1244,138,2,Node_06,8,0
1245,138,3,Node_11,8,0
1246,138,4,Node_03+Node_14,10,0
1247,138,5,Node_02+Node_15,10,0
1248,138,6,Node_05+Node_12,10,0
1249,138,7,Node_08+Node_09,10,0
1250,138,8,Node_01+Node_04+Node_13+Node_16,12,0
1251,139,0,Node_07,8,0
1252,139,1,Node_10,8,0
1253,139,2,Node_06,8,0
1254,139,3,Node_11,8,0
1255,139,4,Node_03+Node_14,10,0
1256,139,5,Node_02+Node_15,10,0
1257,139,6,Node_05+Node_12,10,0
1258,139,7,Node_08+Node_09,10,0
1259,139,8,Node_01+Node_04+Node_13+Node_16,12,0
1260,140,0,Node_07,8,0
1261,140,1,Node_10,8,0
1262,140,2,Node_06,8,0
1263,140,3,Node_11,8,0
1264,140,4,Node_03+Node_14,10,0
1265,140,5,Node_02+Node_15,10,0
1266,140,6,Node_05+Node_12,10,0
1267,140,7,Node_08+Node_09,10,0
1268,140,8,Node_01+Node_04+Node_13+Node_16,12,0
1269,141,0,Node_07,8,0
1270,141,1,Node_10,8,0
1271,141,2,Node_06,8,0
1272,141,3,Node_11,8,0
1273,141,4,Node_03+Node_14,10,0
1274,141,5,Node_02+Node_15,10,0
1275,141,6,Node_05+Node_12,10,0
1276,141,7,Node_08+Node_09,10,0
1277,141,8,Node_01+Node_04+Node_13+Node_16,12,0
1278,142,0,Node_07,8,0
1279,142,1,Node_10,8,0
1280,142,2,Node_06,8,0
1281,142,3,Node_11,8,0
1282,142,4,Node_03+Node_14,10,0
1283,142,5,Node_02+Node_15,10,0
1284,142,6,Node_05+Node_12,10,0
1285,142,7,Node_08+Node_09,10,0
1286,142,8,Node_01+Node_04+Node_13+Node_16,12,0
1287,143,0,Node_07,8,0
1288,143,1,Node_10,8,0
1289,143,2,Node_06,8,0
1290,143,3,Node_11,8,0
1291,143,4,Node_03+Node_14,10,0
1292,143,5,Node_02+Node_15,10,0
1293,143,6,Node_05+Node_12,10,0
1294,143,7,Node_08+Node_09,10,0
1295,143,8,Node_01+Node_04+Node_13+Node_16,12,0
1296,144,0,Node_07,8,0
1297,144,1,Node_10,8,0
1298,144,2,Node_06,8,0
1299,144,3,Node_11,8,0
1300,144,4,Node_03+Node_14,10,0
1301,144,5,Node_02+Node_15,10,0
1302,144,6,Node_05+Node_12,10,0
1303,144,7,Node_08+Node_09,10,0
1304,144,8,Node_01+Node_04+Node_13+Node_16,12,0
1305,145,0,Node_07,8,0
1306,145,1,Node_10,8,0
1307,145,2,Node_06,8,0
1308,145,3,Node_11,8,0
1309,145,4,Node_03+Node_14,10,0
1310,145,5,Node_02+Node_15,10,0
1311,145,6,Node_05+Node_12,10,0
1312,145,7,Node_08+Node_09,10,0
1313,145,8,Node_01+Node_04+Node_13+Node_16,12,0
1314,146,0,Node_07,8,0
1315,146,1,Node_10,8,0
1316,146,2,Node_06,8,0
1317,146,3,Node_11,8,0
1318,146,4,Node_03+Node_14,10,0
1319,146,5,Node_02+Node_15,10,0
1320,146,6,Node_05+Node_12,10,0
1321,146,7,Node_08+Node_09,10,0
1322,146,8,Node_01+Node_04+Node_13+Node_16,12,0
1323,147,0,Node_07,8,0
1324,147,1,Node_10,8,0
1325,147,2,Node_06,8,0
1326,147,3,Node_11,8,0
1327,147,4,Node_03+Node_14,10,0
1328,147,5,Node_02+Node_15,10,0
1329,147,6,Node_05+Node_12,10,0
1330,147,7,Node_08+Node_09,10,0
1331,147,8,Node_01+Node_04+Node_13+Node_16,12,0
1332,148,0,Node_07,8,0
1333,148,1,Node_10,8,0
1334,148,2,Node_06,8,0
1335,148,3,Node_11,8,0
1336,148,4,Node_03+Node_14,10,0
1337,148,5,Node_02+Node_15,10,0
1338,148,6,Node_05+Node_12,10,0
1339,148,7,Node_08+Node_09,10,0
1340,148,8,Node_01+Node_04+Node_13+Node_16,12,0
1341,149,0,Node_07,8,0
1342,149,1,Node_10,8,0
1343,149,2,Node_06,8,0
1344,149,3,Node_11,8,0
1345,149,4,Node_03+Node_14,10,0
1346,149,5,Node_02+Node_15,10,0
1347,149,6,Node_05+Node_12,10,0
1348,149,7,Node_08+Node_09,10,0
1349,149,8,Node_01+Node_04+Node_13+Node_16,12,0
1350,150,0,Node_07,8,0
1351,150,1,Node_10,8,0
1352,150,2,Node_06,8,0
1353,150,3,Node_11,8,0
1354,150,4,Node_03+Node_14,10,0
1355,150,5,Node_02+Node_15,10,0
1356,150,6,Node_05+Node_12,10,0
1357,150,7,Node_08+Node_09,10,0
1358,150,8,Node_01+Node_04+Node_13+Node_16,12,0
1359,151,0,Node_07,8,0
1360,151,1,Node_10,8,0
1361,151,2,Node_06,8,0
1362,151,3,Node_11,8,0
1363,151,4,Node_03+Node_14,10,0
1364,151,5,Node_02+Node_15,10,0
1365,151,6,Node_05+Node_12,10,0
1366,151,7,Node_08+Node_09,10,0
1367,151,8,Node_01+Node_04+Node_13+Node_16,12,0
1368,152,0,Node_07,8,0
1369,152,1,Node_10,8,0
1370,152,2,Node_06,8,0
1371,152,3,Node_11,8,0
1372,152,4,Node_03+Node_14,10,0
1373,152,5,Node_02+Node_15,10,0
1374,152,6,Node_05+Node_12,10,0
1375,152,7,Node_08+Node_09,10,0
1376,152,8,Node_01+Node_04+Node_13+Node_16,12,0
1377,153,0,Node_07,8,0
1378,153,1,Node_10,8,0
1379,153,2,Node_06,8,0
1380,153,3,Node_11,8,0
1381,153,4,Node_03+Node_14,10,0
1382,153,5,Node_02+Node_15,10,0
1383,153,6,Node_05+Node_12,10,0
1384,153,7,Node_08+Node_09,10,0
1385,153,8,Node_01+Node_04+Node_13+Node_16,12,0
1386,154,0,Node_07,8,0
1387,154,1,Node_10,8,0
1388,154,2,Node_06,8,0
1389,154,3,Node_11,8,0
1390,154,4,Node_03+Node_14,10,0
1391,154,5,Node_02+Node_15,10,0
1392,154,6,Node_05+Node_12,10,0
1393,154,7,Node_08+Node_09,10,0
1394,154,8,Node_01+Node_04+Node_13+Node_16,12,0
1395,155,0,Node_07,8,0
1396,155,1,Node_10,8,0
1397,155,2,Node_06,8,0
1398,155,3,Node_11,8,0
1399,155,4,Node_03+Node_14,10,0
1400,155,5,Node_02+Node_15,10,0
1401,155,6,Node_05+Node_12,10,0
1402,155,7,Node_08+Node_09,10,0
1403,155,8,Node_01+Node_04+Node_13+Node_16,12,0
1404,156,0,Node_07,8,0
1405,156,1,Node_10,8,0
1406,156,2,Node_06,8,0
1407,156,3,Node_11,8,0
1408,156,4,Node_03+Node_14,10,0
1409,156,5,Node_02+Node_15,10,0
1410,156,6,Node_05+Node_12,10,0
1411,156,7,Node_08+Node_09,10,0
1412,156,8,Node_01+Node_04+Node_13+Node_16,12,0
1413,157,0,Node_07,8,0
1414,157,1,Node_10,8,0
1415,157,2,Node_06,8,0
1416,157,3,Node_11,8,0
1417,157,4,Node_03+Node_14,10,0
1418,157,5,Node_02+Node_15,10,0
1419,157,6,Node_05+Node_12,10,0
1420,157,7,Node_08+Node_09,10,0
1421,157,8,Node_01+Node_04+Node_13+Node_16,12,0
1422,158,0,Node_07,8,0
1423,158,1,Node_10,8,0
1424,158,2,Node_06,8,0
1425,158,3,Node_11,8,0
1426,158,4,Node_03+Node_14,10,0
1427,158,5,Node_02+Node_15,10,0
1428,158,6,Node_05+Node_12,10,0
1429,158,7,Node_08+Node_09,10,0
1430,158,8,Node_01+Node_04+Node_13+Node_16,12,0
1431,159,0,Node_07,8,0
1432,159,1,Node_10,8,0
1433,159,2,Node_06,8,0
1434,159,3,Node_11,8,0
1435,159,4,Node_03+Node_14,10,0
1436,159,5,Node_02+Node_15,10,0
1437,159,6,Node_05+Node_12,10,0
1438,159,7,Node_08+Node_09,10,0
1439,159,8,Node_01+Node_04+Node_13+Node_16,12,0
1440,160,0,Node_07,8,0
1441,160,1,Node_10,8,0
1442,160,2,Node_06,8,0
1443,160,3,Node_11,8,0
1444,160,4,Node_03+Node_14,10,0
1445,160,5,Node_02+Node_15,10,0
1446,160,6,Node_05+Node_12,10,0
1447,160,7,Node_08+Node_09,10,0
1448,160,8,Node_01+Node_04+Node_13+Node_16,12,0
1449,161,0,Node_07,8,0
1450,161,1,Node_10,8,0
1451,161,2,Node_06,8,0
1452,161,3,Node_11,8,0
1453,161,4,Node_03+Node_14,10,0
1454,161,5,Node_02+Node_15,10,0
1455,161,6,Node_05+Node_12,10,0
1456,161,7,Node_08+Node_09,10,0
1457,161,8,Node_01+Node_04+Node_13+Node_16,12,0
1458,162,0,Node_07,8,0
1459,162,1,Node_10,8,0
1460,162,2,Node_06,8,0
1461,162,3,Node_11,8,0
1462,162,4,Node_03+Node_14,10,0
1463,162,5,Node_02+Node_15,10,0
1464,162,6,Node_05+Node_12,10,0
1465,162,7,Node_08+Node_09,10,0
1466,162,8,Node_01+Node_04+Node_13+Node_16,12,0
1467,163,0,Node_07,8,0
1468,163,1,Node_10,8,0
1469,163,2,Node_06,8,0
1470,163,3,Node_11,8,0
1471,163,4,Node_03+Node_14,10,0
1472,163,5,Node_02+Node_15,10,0
1473,163,6,Node_05+Node_12,10,0
1474,163,7,Node_08+Node_09,10,0
1475,163,8,Node_01+Node_04+Node_13+Node_16,12,0
1476,164,0,Node_07,8,0
1477,164,1,Node_10,8,0
1478,164,2,Node_06,8,0
1479,164,3,Node_11,8,0
1480,164,4,Node_03+Node_14,10,0
1481,164,5,Node_02+Node_15,10,0
1482,164,6,Node_05+Node_12,10,0
1483,164,7,Node_08+Node_09,10,0
1484,164,8,Node_01+Node_04+Node_13+Node_16,12,0
1485,165,0,Node_07,8,0
1486,165,1,Node_10,8,0
1487,165,2,Node_06,8,0
1488,165,3,Node_11,8,0
1489,165,4,Node_03+Node_14,10,0
1490,165,5,Node_02+Node_15,10,0
1491,165,6,Node_05+Node_12,10,0
1492,165,7,Node_08+Node_09,10,0
1493,165,8,Node_01+Node_04+Node_13+Node_16,12,0
1494,166,0,Node_07,8,0
1495,166,1,Node_10,8,0
1496,166,2,Node_06,8,0
1497,166,3,Node_11,8,0
1498,166,4,Node_03+Node_14,10,0
1499,166,5,Node_02+Node_15,10,0
1500,166,6,Node_05+Node_12,10,0
1501,166,7,Node_08+Node_09,10,0
1502,166,8,Node_01+Node_04+Node_13+Node_16,12,0
1503,167,0,Node_07,8,0
1504,167,1,Node_10,8,0
1505,167,2,Node_06,8,0
1506,167,3,Node_11,8,0
1507,167,4,Node_03+Node_14,10,0
1508,167,5,Node_02+Node_15,10,0
1509,167,6,Node_05+Node_12,10,0
1510,167,7,Node_08+Node_09,10,0
1511,167,8,Node_01+Node_04+Node_13+Node_16,12,0
1512,168,0,Node_07,8,0
1513,168,1,Node_10,8,0
1514,168,2,Node_06,8,0
1515,168,3,Node_11,8,0
1516,168,4,Node_03+Node_14,10,0
1517,168,5,Node_02+Node_15,10,0
1518,168,6,Node_05+Node_12,10,0
1519,168,7,Node_08+Node_09,10,0
1520,168,8,Node_01+Node_04+Node_13+Node_16,12,0
1521,169,0,Node_07,8,0
1522,169,1,Node_10,8,0
1523,169,2,Node_06,8,0
1524,169,3,Node_11,8,0
1525,169,4,Node_03+Node_14,10,0
1526,169,5,Node_02+Node_15,10,0
1527,169,6,Node_05+Node_12,10,0
1528,169,7,Node_08+Node_09,10,0
1529,169,8,Node_01+Node_04+Node_13+Node_16,12,0
1530,170,0,Node_07,8,0
1531,170,1,Node_10,8,0
1532,170,2,Node_06,8,0
1533,170,3,Node_11,8,0
1534,170,4,Node_03+Node_14,10,0
1535,170,5,Node_02+Node_15,10,0
1536,170,6,Node_05+Node_12,10,0
1537,170,7,Node_08+Node_09,10,0
1538,170,8,Node_01+Node_04+Node_13+Node_16,12,0
1539,171,0,Node_07,8,0
1540,171,1,Node_10,8,0
1541,171,2,Node_06,8,0
1542,171,3,Node_11,8,0
1543,171,4,Node_03+Node_14,10,0
1544,171,5,Node_02+Node_15,10,0
1545,171,6,Node_05+Node_12,10,0
1546,171,7,Node_08+Node_09,10,0
1547,171,8,Node_01+Node_04+Node_13+Node_16,12,0
1548,172,0,Node_07,8,0
1549,172,1,Node_10,8,0
1550,172,2,Node_06,8,0
1551,172,3,Node_11,8,0
1552,172,4,Node_03+Node_14,10,0
1553,172,5,Node_02+Node_15,10,0
1554,172,6,Node_05+Node_12,10,0
1555,172,7,Node_08+Node_09,10,0
1556,172,8,Node_01+Node_04+Node_13+Node_16,12,0
1557,173,0,Node_07,8,0
1558,173,1,Node_10,8,0
1559,173,2,Node_06,8,0
1560,173,3,Node_11,8,0
1561,173,4,Node_03+Node_14,10,0
1562,173,5,Node_02+Node_15,10,0
1563,173,6,Node_05+Node_12,10,0
1564,173,7,Node_08+Node_09,10,0
1565,173,8,Node_01+Node_04+Node_13+Node_16,12,0
1566,174,0,Node_07,8,0
1567,174,1,Node_10,8,0
1568,174,2,Node_06,8,0
1569,174,3,Node_11,8,0
1570,174,4,Node_03+Node_14,10,0
1571,174,5,Node_02+Node_15,10,0
1572,174,6,Node_05+Node_12,10,0
1573,174,7,Node_08+Node_09,10,0
1574,174,8,Node_01+Node_04+Node_13+Node_16,12,0
1575,175,0,Node_07,8,0
1576,175,1,Node_10,8,0
1577,175,2,Node_06,8,0
1578,175,3,Node_11,8,0
1579,175,4,Node_03+Node_14,10,0
1580,175,5,Node_02+Node_15,10,0
1581,175,6,Node_05+Node_12,10,0
1582,175,7,Node_08+Node_09,10,0
1583,175,8,Node_01+Node_04+Node_13+Node_16,12,0
1584,176,0,Node_07,8,0
1585,176,1,Node_10,8,0
1586,176,2,Node_06,8,0
1587,176,3,Node_11,8,0
1588,176,4,Node_03+Node_14,10,0
1589,176,5,Node_02+Node_15,10,0
1590,176,6,Node_05+Node_12,10,0
1591,176,7,Node_08+Node_09,10,0
1592,176,8,Node_01+Node_04+Node_13+Node_16,12,0
1593,177,0,Node_07,8,0
1594,177,1,Node_10,8,0
1595,177,2,Node_06,8,0
1596,177,3,Node_11,8,0
1597,177,4,Node_03+Node_14,10,0
1598,177,5,Node_02+Node_15,10,0
1599,177,6,Node_05+Node_12,10,0
1600,177,7,Node_08+Node_09,10,0
1601,177,8,Node_01+Node_04+Node_13+Node_16,12,0
1602,178,0,Node_07,8,0
1603,178,1,Node_10,8,0
1604,178,2,Node_06,8,0
1605,178,3,Node_11,8,0
1606,178,4,Node_03+Node_14,10,0
1607,178,5,Node_02+Node_15,10,0
1608,178,6,Node_05+Node_12,10,0
1609,178,7,Node_08+Node_09,10,0
1610,178,8,Node_01+Node_04+Node_13+Node_16,12,0
1611,179,0,Node_07,8,0
1612,179,1,Node_10,8,0
1613,179,2,Node_06,8,0
1614,179,3,Node_11,8,0
1615,179,4,Node_03+Node_14,10,0
1616,179,5,Node_02+Node_15,10,0
1617,179,6,Node_05+Node_12,10,0
1618,179,7,Node_08+Node_09,10,0
1619,179,8,Node_01+Node_04+Node_13+Node_16,12,0
1620,180,0,Node_07,8,0
1621,180,1,Node_10,8,0
1622,180,2,Node_06,8,0
1623,180,3,Node_11,8,0
1624,180,4,Node_03+Node_14,10,0
1625,180,5,Node_02+Node_15,10,0
1626,180,6,Node_05+Node_12,10,0
1627,180,7,Node_08+Node_09,10,0
1628,180,8,Node_01+Node_04+Node_13+Node_16,12,0
1629,181,0,Node_07,8,0
1630,181,1,Node_10,8,0
1631,181,2,Node_06,8,0
1632,181,3,Node_11,8,0
1633,181,4,Node_03+Node_14,10,0
1634,181,5,Node_02+Node_15,10,0
1635,181,6,Node_05+Node_12,10,0
1636,181,7,Node_08+Node_09,10,0
1637,181,8,Node_01+Node_04+Node_13+Node_16,12,0
1638,182,0,Node_07,8,0
1639,182,1,Node_10,8,0
1640,182,2,Node_06,8,0
1641,182,3,Node_11,8,0
1642,182,4,Node_03+Node_14,10,0
1643,182,5,Node_02+Node_15,10,0
1644,182,6,Node_05+Node_12,10,0
1645,182,7,Node_08+Node_09,10,0
1646,182,8,Node_01+Node_04+Node_13+Node_16,12,0
1647,183,0,Node_07,8,0
1648,183,1,Node_10,8,0
1649,183,2,Node_06,8,0
1650,183,3,Node_11,8,0
1651,183,4,Node_03+Node_14,10,0
1652,183,5,Node_02+Node_15,10,0
1653,183,6,Node_05+Node_12,10,0
1654,183,7,Node_08+Node_09,10,0
1655,183,8,Node_01+Node_04+Node_13+Node_16,12,0
1656,184,0,Node_07,8,0
1657,184,1,Node_10,8,0
1658,184,2,Node_06,8,0
1659,184,3,Node_11,8,0
1660,184,4,Node_03+Node_14,10,0
1661,184,5,Node_02+Node_15,10,0
1662,184,6,Node_05+Node_12,10,0
1663,184,7,Node_08+Node_09,10,0
1664,184,8,Node_01+Node_04+Node_13+Node_16,12,0
1665,185,0,Node_07,8,0
1666,185,1,Node_10,8,0
1667,185,2,Node_06,8,0
1668,185,3,Node_11,8,0
1669,185,4,Node_03+Node_14,10,0
1670,185,5,Node_02+Node_15,10,0
1671,185,6,Node_05+Node_12,10,0
1672,185,7,Node_08+Node_09,10,0
1673,185,8,Node_01+Node_04+Node_13+Node_16,12,0
1674,186,0,Node_07,8,0
1675,186,1,Node_10,8,0
1676,186,2,Node_06,8,0
1677,186,3,Node_11,8,0
1678,186,4,Node_03+Node_14,10,0
1679,186,5,Node_02+Node_15,10,0
1680,186,6,Node_05+Node_12,10,0
1681,186,7,Node_08+Node_09,10,0
1682,186,8,Node_01+Node_04+Node_13+Node_16,12,0
1683,187,0,Node_07,8,0
1684,187,1,Node_10,8,0
1685,187,2,Node_06,8,0
1686,187,3,Node_11,8,0
1687,187,4,Node_03+Node_14,10,0
1688,187,5,Node_02+Node_15,10,0
1689,187,6,Node_05+Node_12,10,0
1690,187,7,Node_08+Node_09,10,0
1691,187,8,Node_01+Node_04+Node_13+Node_16,12,0
1692,188,0,Node_07,8,0
1693,188,1,Node_10,8,0
1694,188,2,Node_06,8,0
1695,188,3,Node_11,8,0
1696,188,4,Node_03+Node_14,10,0
1697,188,5,Node_02+Node_15,10,0
1698,188,6,Node_05+Node_12,10,0
1699,188,7,Node_08+Node_09,10,0
1700,188,8,Node_01+Node_04+Node_13+Node_16,12,0
1701,189,0,Node_07,8,0
1702,189,1,Node_10,8,0
1703,189,2,Node_06,8,0
1704,189,3,Node_11,8,0
1705,189,4,Node_03+Node_14,10,0
1706,189,5,Node_02+Node_15,10,0
1707,189,6,Node_05+Node_12,10,0
1708,189,7,Node_08+Node_09,10,0
1709,189,8,Node_01+Node_04+Node_13+Node_16,12,0
1710,190,0,Node_07,8,0
1711,190,1,Node_10,8,0
1712,190,2,Node_06,8,0
1713,190,3,Node_11,8,0
1714,190,4,Node_03+Node_14,10,0
1715,190,5,Node_02+Node_15,10,0
1716,190,6,Node_05+Node_12,10,0
1717,190,7,Node_08+Node_09,10,0
1718,190,8,Node_01+Node_04+Node_13+Node_16,12,0
1719,191,0,Node_07,8,0
1720,191,1,Node_10,8,0
1721,191,2,Node_06,8,0
1722,191,3,Node_11,8,0
1723,191,4,Node_03+Node_14,10,0
1724,191,5,Node_02+Node_15,10,0
1725,191,6,Node_05+Node_12,10,0
1726,191,7,Node_08+Node_09,10,0
1727,191,8,Node_01+Node_04+Node_13+Node_16,12,0
1728,192,0,Node_07,8,0
1729,192,1,Node_10,8,0
1730,192,2,Node_06,8,0
1731,192,3,Node_11,8,0
1732,192,4,Node_03+Node_14,10,0
1733,192,5,Node_02+Node_15,10,0
1734,192,6,Node_05+Node_12,10,0
1735,192,7,Node_08+Node_09,10,0
1736,192,8,Node_01+Node_04+Node_13+Node_16,12,0
1737,193,0,Node_07,8,0
1738,193,1,Node_10,8,0
1739,193,2,Node_06,8,0
1740,193,3,Node_11,8,0
1741,193,4,Node_03+Node_14,10,0
1742,193,5,Node_02+Node_15,10,0
1743,193,6,Node_05+Node_12,10,0
1744,193,7,Node_08+Node_09,10,0
1745,193,8,Node_01+Node_04+Node_13+Node_16,12,0
1746,194,0,Node_07,8,0
1747,194,1,Node_10,8,0
1748,194,2,Node_06,8,0
1749,194,3,Node_11,8,0
1750,194,4,Node_03+Node_14,10,0
1751,194,5,Node_02+Node_15,10,0
1752,194,6,Node_05+Node_12,10,0
1753,194,7,Node_08+Node_09,10,0
1754,194,8,Node_01+Node_04+Node_13+Node_16,12,0
1755,195,0,Node_07,8,0
1756,195,1,Node_10,8,0
1757,195,2,Node_06,8,0
1758,195,3,Node_11,8,0
1759,195,4,Node_03+Node_14,10,0
1760,195,5,Node_02+Node_15,10,0
1761,195,6,Node_05+Node_12,10,0
1762,195,7,Node_08+Node_09,10,0
1763,195,8,Node_01+Node_04+Node_13+Node_16,12,0
1764,196,0,Node_07,8,0
1765,196,1,Node_10,8,0
1766,196,2,Node_06,8,0
1767,196,3,Node_11,8,0
1768,196,4,Node_03+Node_14,10,0
1769,196,5,Node_02+Node_15,10,0
1770,196,6,Node_05+Node_12,10,0
1771,196,7,Node_08+Node_09,10,0
1772,196,8,Node_01+Node_04+Node_13+Node_16,12,0
1773,197,0,Node_07,8,0
1774,197,1,Node_10,8,0
1775,197,2,Node_06,8,0
1776,197,3,Node_11,8,0
1777,197,4,Node_03+Node_14,10,0
1778,197,5,Node_02+Node_15,10,0
1779,197,6,Node_05+Node_12,10,0
1780,197,7,Node_08+Node_09,10,0
1781,197,8,Node_01+Node_04+Node_13+Node_16,12,0
1782,198,0,Node_07,8,0
1783,198,1,Node_10,8,0
1784,198,2,Node_06,8,0
1785,198,3,Node_11,8,0
1786,198,4,Node_03+Node_14,10,0
1787,198,5,Node_02+Node_15,10,0
1788,198,6,Node_05+Node_12,10,0
1789,198,7,Node_08+Node_09,10,0
1790,198,8,Node_01+Node_04+Node_13+Node_16,12,0
1791,199,0,Node_07,8,0
1792,199,1,Node_10,8,0
1793,199,2,Node_06,8,0
1794,199,3,Node_11,8,0
1795,199,4,Node_03+Node_14,10,0
1796,199,5,Node_02+Node_15,10,0
1797,199,6,Node_05+Node_12,10,0
1798,199,7,Node_08+Node_09,10,0
1799,199,8,Node_01+Node_04+Node_13+Node_16,12,0
1800,200,0,Node_07,8,0
1801,200,1,Node_10,8,0
1802,200,2,Node_06,8,0
1803,200,3,Node_11,8,0
1804,200,4,Node_03+Node_14,10,0
1805,200,5,Node_02+Node_15,10,0
1806,200,6,Node_05+Node_12,10,0
1807,200,7,Node_08+Node_09,10,0
1808,200,8,Node_01+Node_04+Node_13+Node_16,12,0
1809,201,0,Node_07,8,0
1810,201,1,Node_10,8,0
1811,201,2,Node_06,8,0
1812,201,3,Node_11,8,0
1813,201,4,Node_03+Node_14,10,0
1814,201,5,Node_02+Node_15,10,0
1815,201,6,Node_05+Node_12,10,0
1816,201,7,Node_08+Node_09,10,0
1817,201,8,Node_01+Node_04+Node_13+Node_16,12,0
1818,202,0,Node_07,8,0
1819,202,1,Node_10,8,0
1820,202,2,Node_06,8,0
1821,202,3,Node_11,8,0
1822,202,4,Node_03+Node_14,10,0
1823,202,5,Node_02+Node_15,10,0
1824,202,6,Node_05+Node_12,10,0
1825,202,7,Node_08+Node_09,10,0
1826,202,8,Node_01+Node_04+Node_13+Node_16,12,0
1827,203,0,Node_07,8,0
1828,203,1,Node_10,8,0
1829,203,2,Node_06,8,0
1830,203,3,Node_11,8,0
1831,203,4,Node_03+Node_14,10,0
1832,203,5,Node_02+Node_15,10,0
1833,203,6,Node_05+Node_12,10,0
1834,203,7,Node_08+Node_09,10,0
1835,203,8,Node_01+Node_04+Node_13+Node_16,12,0
1836,204,0,Node_07,8,0
1837,204,1,Node_10,8,0
1838,204,2,Node_06,8,0
1839,204,3,Node_11,8,0
1840,204,4,Node_03+Node_14,10,0
1841,204,5,Node_02+Node_15,10,0
1842,204,6,Node_05+Node_12,10,0
1843,204,7,Node_08+Node_09,10,0
1844,204,8,Node_01+Node_04+Node_13+Node_16,12,0
1845,205,0,Node_07,8,0
1846,205,1,Node_10,8,0
1847,205,2,Node_06,8,0
1848,205,3,Node_11,8,0
1849,205,4,Node_03+Node_14,10,0
1850,205,5,Node_02+Node_15,10,0
1851,205,6,Node_05+Node_12,10,0
1852,205,7,Node_08+Node_09,10,0
1853,205,8,Node_01+Node_04+Node_13+Node_16,12,0
1854,206,0,Node_07,8,0
1855,206,1,Node_10,8,0
1856,206,2,Node_06,8,0
1857,206,3,Node_11,8,0
1858,206,4,Node_03+Node_14,10,0
1859,206,5,Node_02+Node_15,10,0
1860,206,6,Node_05+Node_12,10,0
1861,206,7,Node_08+Node_09,10,0
1862,206,8,Node_01+Node_04+Node_13+Node_16,12,0
1863,207,0,Node_07,8,0
1864,207,1,Node_10,8,0
1865,207,2,Node_06,8,0
1866,207,3,Node_11,8,0
1867,207,4,Node_03+Node_14,10,0
1868,207,5,Node_02+Node_15,10,0
1869,207,6,Node_05+Node_12,10,0
1870,207,7,Node_08+Node_09,10,0
1871,207,8,Node_01+Node_04+Node_13+Node_16,12,0
1872,208,0,Node_07,8,0
1873,208,1,Node_10,8,0
1874,208,2,Node_06,8,0
1875,208,3,Node_11,8,0
1876,208,4,Node_03+Node_14,10,0
1877,208,5,Node_02+Node_15,10,0
1878,208,6,Node_05+Node_12,10,0
1879,208,7,Node_08+Node_09,10,0
1880,208,8,Node_01+Node_04+Node_13+Node_16,12,0
1881,209,0,Node_07,8,0
1882,209,1,Node_10,8,0
1883,209,2,Node_06,8,0
1884,209,3,Node_11,8,0
1885,209,4,Node_03+Node_14,10,0
1886,209,5,Node_02+Node_15,10,0
1887,209,6,Node_05+Node_12,10,0
1888,209,7,Node_08+Node_09,10,0
1889,209,8,Node_01+Node_04+Node_13+Node_16,12,0
1890,210,0,Node_07,8,0
1891,210,1,Node_10,8,0
1892,210,2,Node_06,8,0
1893,210,3,Node_11,8,0
1894,210,4,Node_03+Node_14,10,0
1895,210,5,Node_02+Node_15,10,0
1896,210,6,Node_05+Node_12,10,0
1897,210,7,Node_08+Node_09,10,0
1898,210,8,Node_01+Node_04+Node_13+Node_16,12,0
1899,211,0,Node_07,8,0
1900,211,1,Node_10,8,0
1901,211,2,Node_06,8,0
1902,211,3,Node_11,8,0
1903,211,4,Node_03+Node_14,10,0
1904,211,5,Node_02+Node_15,10,0
1905,211,6,Node_05+Node_12,10,0
1906,211,7,Node_08+Node_09,10,0
1907,211,8,Node_01+Node_04+Node_13+Node_16,12,0
1908,212,0,Node_07,8,0
1909,212,1,Node_10,8,0
1910,212,2,Node_06,8,0
1911,212,3,Node_11,8,0
1912,212,4,Node_03+Node_14,10,0
1913,212,5,Node_02+Node_15,10,0
1914,212,6,Node_05+Node_12,10,0
1915,212,7,Node_08+Node_09,10,0
1916,212,8,Node_01+Node_04+Node_13+Node_16,12,0
1917,213,0,Node_07,8,0
1918,213,1,Node_10,8,0
1919,213,2,Node_06,8,0
1920,213,3,Node_11,8,0
1921,213,4,Node_03+Node_14,10,0
1922,213,5,Node_02+Node_15,10,0
1923,213,6,Node_05+Node_12,10,0
1924,213,7,Node_08+Node_09,10,0
1925,213,8,Node_01+Node_04+Node_13+Node_16,12,0
1926,214,0,Node_07,8,0
1927,214,1,Node_10,8,0
1928,214,2,Node_06,8,0
1929,214,3,Node_11,8,0
1930,214,4,Node_03+Node_14,10,0
1931,214,5,Node_02+Node_15,10,0
1932,214,6,Node_05+Node_12,10,0
1933,214,7,Node_08+Node_09,10,0
1934,214,8,Node_01+Node_04+Node_13+Node_16,12,0
1935,215,0,Node_07,8,0
1936,215,1,Node_10,8,0
1937,215,2,Node_06,8,0
1938,215,3,Node_11,8,0
1939,215,4,Node_03+Node_14,10,0
1940,215,5,Node_02+Node_15,10,0
1941,215,6,Node_05+Node_12,10,0
1942,215,7,Node_08+Node_09,10,0
1943,215,8,Node_01+Node_04+Node_13+Node_16,12,0
1944,216,0,Node_07,8,0
1945,216,1,Node_10,8,0
1946,216,2,Node_06,8,0
1947,216,3,Node_11,8,0
1948,216,4,Node_03+Node_14,10,0
1949,216,5,Node_02+Node_15,10,0
1950,216,6,Node_05+Node_12,10,0
1951,216,7,Node_08+Node_09,10,0
1952,216,8,Node_01+Node_04+Node_13+Node_16,12,0
1953,217,0,Node_07,8,0
1954,217,1,Node_10,8,0
1955,217,2,Node_06,8,0
1956,217,3,Node_11,8,0
1957,217,4,Node_03+Node_14,10,0
1958,217,5,Node_02+Node_15,10,0
1959,217,6,Node_05+Node_12,10,0
1960,217,7,Node_08+Node_09,10,0
1961,217,8,Node_01+Node_04+Node_13+Node_16,12,0
1962,218,0,Node_07,8,0
1963,218,1,Node_10,8,0
1964,218,2,Node_06,8,0
1965,218,3,Node_11,8,0
1966,218,4,Node_03+Node_14,10,0
1967,218,5,Node_02+Node_15,10,0
1968,218,6,Node_05+Node_12,10,0
1969,218,7,Node_08+Node_09,10,0
1970,218,8,Node_01+Node_04+Node_13+Node_16,12,0
1971,219,0,Node_07,8,0
1972,219,1,Node_10,8,0
1973,219,2,Node_06,8,0
1974,219,3,Node_11,8,0
1975,219,4,Node_03+Node_14,10,0
1976,219,5,Node_02+Node_15,10,0
1977,219,6,Node_05+Node_12,10,0
1978,219,7,Node_08+Node_09,10,0
1979,219,8,Node_01+Node_04+Node_13+Node_16,12,0
1980,220,0,Node_07,8,0
1981,220,1,Node_10,8,0
1982,220,2,Node_06,8,0
1983,220,3,Node_11,8,0
1984,220,4,Node_03+Node_14,10,0
1985,220,5,Node_02+Node_15,10,0
1986,220,6,Node_05+Node_12,10,0
1987,220,7,Node_08+Node_09,10,0
1988,220,8,Node_01+Node_04+Node_13+Node_16,12,0
1989,221,0,Node_07,8,0
1990,221,1,Node_10,8,0
1991,221,2,Node_06,8,0
1992,221,3,Node_11,8,0
1993,221,4,Node_03+Node_14,10,0
1994,221,5,Node_02+Node_15,10,0
1995,221,6,Node_05+Node_12,10,0
1996,221,7,Node_08+Node_09,10,0
1997,221,8,Node_01+Node_04+Node_13+Node_16,12,0
1998,222,0,Node_07,8,0
1999,222,1,Node_10,8,0
2000,222,2,Node_06,8,0
2001,222,3,Node_11,8,0
2002,222,4,Node_03+Node_14,10,0
2003,222,5,Node_02+Node_15,10,0
2004,222,6,Node_05+Node_12,10,0
2005,222,7,Node_08+Node_09,10,0
2006,222,8,Node_01+Node_04+Node_13+Node_16,12,0
2007,223,0,Node_07,8,0
2008,223,1,Node_10,8,0
2009,223,2,Node_06,8,0
2010,223,3,Node_11,8,0
2011,223,4,Node_03+Node_14,10,0
2012,223,5,Node_02+Node_15,10,0
2013,223,6,Node_05+Node_12,10,0
2014,223,7,Node_08+Node_09,10,0
2015,223,8,Node_01+Node_04+Node_13+Node_16,12,0
2016,224,0,Node_07,8,0
2017,224,1,Node_10,8,0
2018,224,2,Node_06,8,0
2019,224,3,Node_11,8,0
2020,224,4,Node_03+Node_14,10,0
2021,224,5,Node_02+Node_15,10,0
2022,224,6,Node_05+Node_12,10,0
2023,224,7,Node_08+Node_09,10,0
2024,224,8,Node_01+Node_04+Node_13+Node_16,12,0
2025,225,0,Node_07,8,0
2026,225,1,Node_10,8,0
2027,225,2,Node_06,8,0
2028,225,3,Node_11,8,0
2029,225,4,Node_03+Node_14,10,0
2030,225,5,Node_02+Node_15,10,0
2031,225,6,Node_05+Node_12,10,0
2032,225,7,Node_08+Node_09,10,0
2033,225,8,Node_01+Node_04+Node_13+Node_16,12,0
2034,226,0,Node_07,8,0
2035,226,1,Node_10,8,0
2036,226,2,Node_06,8,0
2037,226,3,Node_11,8,0
2038,226,4,Node_03+Node_14,10,0
2039,226,5,Node_02+Node_15,10,0
2040,226,6,Node_05+Node_12,10,0
2041,226,7,Node_08+Node_09,10,0
2042,226,8,Node_01+Node_04+Node_13+Node_16,12,0
2043,227,0,Node_07,8,0
2044,227,1,Node_10,8,0
2045,227,2,Node_06,8,0
2046,227,3,Node_11,8,0
2047,227,4,Node_03+Node_14,10,0
2048,227,5,Node_02+Node_15,10,0
2049,227,6,Node_05+Node_12,10,0
2050,227,7,Node_08+Node_09,10,0
2051,227,8,Node_01+Node_04+Node_13+Node_16,12,0
2052,228,0,Node_07,8,0
2053,228,1,Node_10,8,0
2054,228,2,Node_06,8,0
2055,228,3,Node_11,8,0
2056,228,4,Node_03+Node_14,10,0
2057,228,5,Node_02+Node_15,10,0
2058,228,6,Node_05+Node_12,10,0
2059,228,7,Node_08+Node_09,10,0
2060,228,8,Node_01+Node_04+Node_13+Node_16,12,0
2061,229,0,Node_07,8,0
2062,229,1,Node_10,8,0
2063,229,2,Node_06,8,0
2064,229,3,Node_11,8,0
2065,229,4,Node_03+Node_14,10,0
2066,229,5,Node_02+Node_15,10,0
2067,229,6,Node_05+Node_12,10,0
2068,229,7,Node_08+Node_09,10,0
2069,229,8,Node_01+Node_04+Node_13+Node_16,12,0
2070,230,0,Node_07,8,0
2071,230,1,Node_10,8,0
2072,230,2,Node_06,8,0
2073,230,3,Node_11,8,0
2074,230,4,Node_03+Node_14,10,0
2075,230,5,Node_02+Node_15,10,0
2076,230,6,Node_05+Node_12,10,0
2077,230,7,Node_08+Node_09,10,0
2078,230,8,Node_01+Node_04+Node_13+Node_16,12,0
2079,231,0,Node_07,8,0
2080,231,1,Node_10,8,0
2081,231,2,Node_06,8,0
2082,231,3,Node_11,8,0
2083,231,4,Node_03+Node_14,10,0
2084,231,5,Node_02+Node_15,10,0
2085,231,6,Node_05+Node_12,10,0
2086,231,7,Node_08+Node_09,10,0
2087,231,8,Node_01+Node_04+Node_13+Node_16,12,0
2088,232,0,Node_07,8,0
2089,232,1,Node_10,8,0
2090,232,2,Node_06,8,0
2091,232,3,Node_11,8,0
2092,232,4,Node_03+Node_14,10,0
2093,232,5,Node_02+Node_15,10,0
2094,232,6,Node_05+Node_12,10,0
2095,232,7,Node_08+Node_09,10,0
2096,232,8,Node_01+Node_04+Node_13+Node_16,12,0
2097,233,0,Node_07,8,0
2098,233,1,Node_10,8,0
2099,233,2,Node_06,8,0
2100,233,3,Node_11,8,0
2101,233,4,Node_03+Node_14,10,0
2102,233,5,Node_02+Node_15,10,0
2103,233,6,Node_05+Node_12,10,0
2104,233,7,Node_08+Node_09,10,0
2105,233,8,Node_01+Node_04+Node_13+Node_16,12,0
2106,234,0,Node_07,8,0
2107,234,1,Node_10,8,0
2108,234,2,Node_06,8,0
2109,234,3,Node_11,8,0
2110,234,4,Node_03+Node_14,10,0
2111,234,5,Node_02+Node_15,10,0
2112,234,6,Node_05+Node_12,10,0
2113,234,7,Node_08+Node_09,10,0
2114,234,8,Node_01+Node_04+Node_13+Node_16,12,0
2115,235,0,Node_07,8,0
2116,235,1,Node_10,8,0
2117,235,2,Node_06,8,0
2118,235,3,Node_11,8,0
2119,235,4,Node_03+Node_14,10,0
2120,235,5,Node_02+Node_15,10,0
2121,235,6,Node_05+Node_12,10,0
2122,235,7,Node_08+Node_09,10,0
2123,235,8,Node_01+Node_04+Node_13+Node_16,12,0
2124,236,0,Node_07,8,0
2125,236,1,Node_10,8,0
2126,236,2,Node_06,8,0
2127,236,3,Node_11,8,0
2128,236,4,Node_03+Node_14,10,0
2129,236,5,Node_02+Node_15,10,0
2130,236,6,Node_05+Node_12,10,0
2131,236,7,Node_08+Node_09,10,0
2132,236,8,Node_01+Node_04+Node_13+Node_16,12,0
2133,237,0,Node_07,8,0
2134,237,1,Node_10,8,0
2135,237,2,Node_06,8,0
2136,237,3,Node_11,8,0
2137,237,4,Node_03+Node_14,10,0
2138,237,5,Node_02+Node_15,10,0
2139,237,6,Node_05+Node_12,10,0
2140,237,7,Node_08+Node_09,10,0
2141,237,8,Node_01+Node_04+Node_13+Node_16,12,0
2142,238,0,Node_07,8,0
2143,238,1,Node_10,8,0
2144,238,2,Node_06,8,0
2145,238,3,Node_11,8,0
2146,238,4,Node_03+Node_14,10,0
2147,238,5,Node_02+Node_15,10,0
2148,238,6,Node_05+Node_12,10,0
2149,238,7,Node_08+Node_09,10,0
2150,238,8,Node_01+Node_04+Node_13+Node_16,12,0
2151,239,0,Node_07,8,0
2152,239,1,Node_10,8,0
2153,239,2,Node_06,8,0
2154,239,3,Node_11,8,0
2155,239,4,Node_03+Node_14,10,0
2156,239,5,Node_02+Node_15,10,0
2157,239,6,Node_05+Node_12,10,0
2158,239,7,Node_08+Node_09,10,0
2159,239,8,Node_01+Node_04+Node_13+Node_16,12,0
2160,240,0,Node_07,8,0
2161,240,1,Node_10,8,0
2162,240,2,Node_06,8,0
2163,240,3,Node_11,8,0
2164,240,4,Node_03+Node_14,10,0
2165,240,5,Node_02+Node_15,10,0
2166,240,6,Node_05+Node_12,10,0
2167,240,7,Node_08+Node_09,10,0
2168,240,8,Node_01+Node_04+Node_13+Node_16,12,0
2169,241,0,Node_07,8,0
2170,241,1,Node_10,8,0
2171,241,2,Node_06,8,0
2172,241,3,Node_11,8,0
2173,241,4,Node_03+Node_14,10,0
2174,241,5,Node_02+Node_15,10,0
2175,241,6,Node_05+Node_12,10,0
2176,241,7,Node_08+Node_09,10,0
2177,241,8,Node_01+Node_04+Node_13+Node_16,12,0
2178,242,0,Node_07,8,0
2179,242,1,Node_10,8,0
2180,242,2,Node_06,8,0
2181,242,3,Node_11,8,0
2182,242,4,Node_03+Node_14,10,0
2183,242,5,Node_02+Node_15,10,0
2184,242,6,Node_05+Node_12,10,0
2185,242,7,Node_08+Node_09,10,0
2186,242,8,Node_01+Node_04+Node_13+Node_16,12,0
2187,243,0,Node_07,8,0
2188,243,1,Node_10,8,0
2189,243,2,Node_06,8,0
2190,243,3,Node_11,8,0
2191,243,4,Node_03+Node_14,10,0
2192,243,5,Node_02+Node_15,10,0
2193,243,6,Node_05+Node_12,10,0
2194,243,7,Node_08+Node_09,10,0
2195,243,8,Node_01+Node_04+Node_13+Node_16,12,0
2196,244,0,Node_07,8,0
2197,244,1,Node_10,8,0
2198,244,2,Node_06,8,0
2199,244,3,Node_11,8,0
2200,244,4,Node_03+Node_14,10,0
2201,244,5,Node_02+Node_15,10,0
2202,244,6,Node_05+Node_12,10,0
2203,244,7,Node_08+Node_09,10,0
2204,244,8,Node_01+Node_04+Node_13+Node_16,12,0
2205,245,0,Node_07,8,0
2206,245,1,Node_10,8,0
2207,245,2,Node_06,8,0
2208,245,3,Node_11,8,0
2209,245,4,Node_03+Node_14,10,0
2210,245,5,Node_02+Node_15,10,0
2211,245,6,Node_05+Node_12,10,0
2212,245,7,Node_08+Node_09,10,0
2213,245,8,Node_01+Node_04+Node_13+Node_16,12,0
2214,246,0,Node_07,8,0
2215,246,1,Node_10,8,0
2216,246,2,Node_06,8,0
2217,246,3,Node_11,8,0
2218,246,4,Node_03+Node_14,10,0
2219,246,5,Node_02+Node_15,10,0
2220,246,6,Node_05+Node_12,10,0
2221,246,7,Node_08+Node_09,10,0
2222,246,8,Node_01+Node_04+Node_13+Node_16,12,0
2223,247,0,Node_07,8,0
2224,247,1,Node_10,8,0
2225,247,2,Node_06,8,0
2226,247,3,Node_11,8,0
2227,247,4,Node_03+Node_14,10,0
2228,247,5,Node_02+Node_15,10,0
2229,247,6,Node_05+Node_12,10,0
2230,247,7,Node_08+Node_09,10,0
2231,247,8,Node_01+Node_04+Node_13+Node_16,12,0
2232,248,0,Node_07,8,0
2233,248,1,Node_10,8,0
2234,248,2,Node_06,8,0
2235,248,3,Node_11,8,0
2236,248,4,Node_03+Node_14,10,0
2237,248,5,Node_02+Node_15,10,0
2238,248,6,Node_05+Node_12,10,0
2239,248,7,Node_08+Node_09,10,0
2240,248,8,Node_01+Node_04+Node_13+Node_16,12,0
2241,249,0,Node_07,8,0
2242,249,1,Node_10,8,0
2243,249,2,Node_06,8,0
2244,249,3,Node_11,8,0
2245,249,4,Node_03+Node_14,10,0
2246,249,5,Node_02+Node_15,10,0
2247,249,6,Node_05+Node_12,10,0
2248,249,7,Node_08+Node_09,10,0
2249,249,8,Node_01+Node_04+Node_13+Node_16,12,0
2250,250,0,Node_07,8,0
2251,250,1,Node_10,8,0
2252,250,2,Node_06,8,0
2253,250,3,Node_11,8,0
2254,250,4,Node_03+Node_14,10,0
2255,250,5,Node_02+Node_15,10,0
2256,250,6,Node_05+Node_12,10,0
2257,250,7,Node_08+Node_09,10,0
2258,250,8,Node_01+Node_04+Node_13+Node_16,12,0
2259,251,0,Node_07,8,0
2260,251,1,Node_10,8,0
2261,251,2,Node_06,8,0
2262,251,3,Node_11,8,0
2263,251,4,Node_03+Node_14,10,0
2264,251,5,Node_02+Node_15,10,0
2265,251,6,Node_05+Node_12,10,0
2266,251,7,Node_08+Node_09,10,0
2267,251,8,Node_01+Node_04+Node_13+Node_16,12,0
2268,252,0,Node_07,8,0
2269,252,1,Node_10,8,0
2270,252,2,Node_06,8,0
2271,252,3,Node_11,8,0
2272,252,4,Node_03+Node_14,10,0
2273,252,5,Node_02+Node_15,10,0
2274,252,6,Node_05+Node_12,10,0
2275,252,7,Node_08+Node_09,10,0
2276,252,8,Node_01+Node_04+Node_13+Node_16,12,0
2277,253,0,Node_07,8,0
2278,253,1,Node_10,8,0
2279,253,2,Node_06,8,0
2280,253,3,Node_11,8,0
2281,253,4,Node_03+Node_14,10,0
2282,253,5,Node_02+Node_15,10,0
2283,253,6,Node_05+Node_12,10,0
2284,253,7,Node_08+Node_09,10,0
2285,253,8,Node_01+Node_04+Node_13+Node_16,12,0
2286,254,0,Node_07,8,0
2287,254,1,Node_10,8,0
2288,254,2,Node_06,8,0
2289,254,3,Node_11,8,0
2290,254,4,Node_03+Node_14,10,0
2291,254,5,Node_02+Node_15,10,0
2292,254,6,Node_05+Node_12,10,0
2293,254,7,Node_08+Node_09,10,0
2294,254,8,Node_01+Node_04+Node_13+Node_16,12,0
2295,255,0,Node_07,8,0
2296,255,1,Node_10,8,0
2297,255,2,Node_06,8,0
2298,255,3,Node_11,8,0
2299,255,4,Node_03+Node_14,10,0
2300,255,5,Node_02+Node_15,10,0
2301,255,6,Node_05+Node_12,10,0
2302,255,7,Node_08+Node_09,10,0
2303,255,8,Node_01+Node_04+Node_13+Node_16,12,0
2304,256,0,Node_07,8,0
2305,256,1,Node_10,8,0
2306,256,2,Node_06,8,0
2307,256,3,Node_11,8,0
2308,256,4,Node_03+Node_14,10,0
2309,256,5,Node_02+Node_15,10,0
2310,256,6,Node_05+Node_12,10,0
2311,256,7,Node_08+Node_09,10,0
2312,256,8,Node_01+Node_04+Node_13+Node_16,12,0
2313,257,0,Node_07,8,0
2314,257,1,Node_10,8,0
2315,257,2,Node_06,8,0
2316,257,3,Node_11,8,0
2317,257,4,Node_03+Node_14,10,0
2318,257,5,Node_02+Node_15,10,0
2319,257,6,Node_05+Node_12,10,0
2320,257,7,Node_08+Node_09,10,0
2321,257,8,Node_01+Node_04+Node_13+Node_16,12,0
2322,258,0,Node_07,8,0
2323,258,1,Node_10,8,0
2324,258,2,Node_06,8,0
2325,258,3,Node_11,8,0
2326,258,4,Node_03+Node_14,10,0
2327,258,5,Node_02+Node_15,10,0
2328,258,6,Node_05+Node_12,10,0
2329,258,7,Node_08+Node_09,10,0
2330,258,8,Node_01+Node_04+Node_13+Node_16,12,0
2331,259,0,Node_07,8,0
2332,259,1,Node_10,8,0
2333,259,2,Node_06,8,0
2334,259,3,Node_11,8,0
2335,259,4,Node_03+Node_14,10,0
2336,259,5,Node_02+Node_15,10,0
2337,259,6,Node_05+Node_12,10,0
2338,259,7,Node_08+Node_09,10,0
2339,259,8,Node_01+Node_04+Node_13+Node_16,12,0
2340,260,0,Node_07,8,0
2341,260,1,Node_10,8,0
2342,260,2,Node_06,8,0
2343,260,3,Node_11,8,0
2344,260,4,Node_03+Node_14,10,0
2345,260,5,Node_02+Node_15,10,0
2346,260,6,Node_05+Node_12,10,0
2347,260,7,Node_08+Node_09,10,0
2348,260,8,Node_01+Node_04+Node_13+Node_16,12,0
2349,261,0,Node_07,8,0
2350,261,1,Node_10,8,0
2351,261,2,Node_06,8,0
2352,261,3,Node_11,8,0
2353,261,4,Node_03+Node_14,10,0
2354,261,5,Node_02+Node_15,10,0
2355,261,6,Node_05+Node_12,10,0
2356,261,7,Node_08+Node_09,10,0
2357,261,8,Node_01+Node_04+Node_13+Node_16,12,0
2358,262,0,Node_07,8,0
2359,262,1,Node_10,8,0
2360,262,2,Node_06,8,0
2361,262,3,Node_11,8,0
2362,262,4,Node_03+Node_14,10,0
2363,262,5,Node_02+Node_15,10,0
2364,262,6,Node_05+Node_12,10,0
2365,262,7,Node_08+Node_09,10,0
2366,262,8,Node_01+Node_04+Node_13+Node_16,12,0
2367,263,0,Node_07,8,0
2368,263,1,Node_10,8,0
2369,263,2,Node_06,8,0
2370,263,3,Node_11,8,0
2371,263,4,Node_03+Node_14,10,0
2372,263,5,Node_02+Node_15,10,0
2373,263,6,Node_05+Node_12,10,0
2374,263,7,Node_08+Node_09,10,0
2375,263,8,Node_01+Node_04+Node_13+Node_16,12,0
2376,264,0,Node_07,8,0
2377,264,1,Node_10,8,0
2378,264,2,Node_06,8,0
2379,264,3,Node_11,8,0
2380,264,4,Node_03+Node_14,10,0
2381,264,5,Node_02+Node_15,10,0
2382,264,6,Node_05+Node_12,10,0
2383,264,7,Node_08+Node_09,10,0
2384,264,8,Node_01+Node_04+Node_13+Node_16,12,0
2385,265,0,Node_07,8,0
2386,265,1,Node_10,8,0
2387,265,2,Node_06,8,0
2388,265,3,Node_11,8,0
2389,265,4,Node_03+Node_14,10,0
2390,265,5,Node_02+Node_15,10,0
2391,265,6,Node_05+Node_12,10,0
2392,265,7,Node_08+Node_09,10,0
2393,265,8,Node_01+Node_04+Node_13+Node_16,12,0
2394,266,0,Node_07,8,0
2395,266,1,Node_10,8,0
2396,266,2,Node_06,8,0
2397,266,3,Node_11,8,0
2398,266,4,Node_03+Node_14,10,0
2399,266,5,Node_02+Node_15,10,0
2400,266,6,Node_05+Node_12,10,0
2401,266,7,Node_08+Node_09,10,0
2402,266,8,Node_01+Node_04+Node_13+Node_16,12,0
2403,267,0,Node_07,8,0
2404,267,1,Node_10,8,0
2405,267,2,Node_06,8,0
2406,267,3,Node_11,8,0
2407,267,4,Node_03+Node_14,10,0
2408,267,5,Node_02+Node_15,10,0
2409,267,6,Node_05+Node_12,10,0
2410,267,7,Node_08+Node_09,10,0
2411,267,8,Node_01+Node_04+Node_13+Node_16,12,0
2412,268,0,Node_07,8,0
2413,268,1,Node_10,8,0
2414,268,2,Node_06,8,0
2415,268,3,Node_11,8,0
2416,268,4,Node_03+Node_14,10,0
2417,268,5,Node_02+Node_15,10,0
2418,268,6,Node_05+Node_12,10,0
2419,268,7,Node_08+Node_09,10,0
2420,268,8,Node_01+Node_04+Node_13+Node_16,12,0
2421,269,0,Node_07,8,0
2422,269,1,Node_10,8,0
2423,269,2,Node_06,8,0
2424,269,3,Node_11,8,0
2425,269,4,Node_03+Node_14,10,0
2426,269,5,Node_02+Node_15,10,0
2427,269,6,Node_05+Node_12,10,0
2428,269,7,Node_08+Node_09,10,0
2429,269,8,Node_01+Node_04+Node_13+Node_16,12,0
2430,270,0,Node_07,8,0
2431,270,1,Node_10,8,0
2432,270,2,Node_06,8,0
2433,270,3,Node_11,8,0
2434,270,4,Node_03+Node_14,10,0
2435,270,5,Node_02+Node_15,10,0
2436,270,6,Node_05+Node_12,10,0
2437,270,7,Node_08+Node_09,10,0
2438,270,8,Node_01+Node_04+Node_13+Node_16,12,0
2439,271,0,Node_07,8,0
2440,271,1,Node_10,8,0
2441,271,2,Node_06,8,0
2442,271,3,Node_11,8,0
2443,271,4,Node_03+Node_14,10,0
2444,271,5,Node_02+Node_15,10,0
2445,271,6,Node_05+Node_12,10,0
2446,271,7,Node_08+Node_09,10,0
2447,271,8,Node_01+Node_04+Node_13+Node_16,12,0
2448,272,0,Node_07,8,0
2449,272,1,Node_10,8,0
2450,272,2,Node_06,8,0
2451,272,3,Node_11,8,0
2452,272,4,Node_03+Node_14,10,0
2453,272,5,Node_02+Node_15,10,0
2454,272,6,Node_05+Node_12,10,0
2455,272,7,Node_08+Node_09,10,0
2456,272,8,Node_01+Node_04+Node_13+Node_16,12,0
2457,273,0,Node_07,8,0
2458,273,1,Node_10,8,0
2459,273,2,Node_06,8,0
2460,273,3,Node_11,8,0
2461,273,4,Node_03+Node_14,10,0
2462,273,5,Node_02+Node_15,10,0
2463,273,6,Node_05+Node_12,10,0
2464,273,7,Node_08+Node_09,10,0
2465,273,8,Node_01+Node_04+Node_13+Node_16,12,0
2466,274,0,Node_07,8,0
2467,274,1,Node_10,8,0
2468,274,2,Node_06,8,0
2469,274,3,Node_11,8,0
2470,274,4,Node_03+Node_14,10,0
2471,274,5,Node_02+Node_15,10,0
2472,274,6,Node_05+Node_12,10,0
2473,274,7,Node_08+Node_09,10,0
2474,274,8,Node_01+Node_04+Node_13+Node_16,12,0
2475,275,0,Node_07,8,0
2476,275,1,Node_10,8,0
2477,275,2,Node_06,8,0
2478,275,3,Node_11,8,0
2479,275,4,Node_03+Node_14,10,0
2480,275,5,Node_02+Node_15,10,0
2481,275,6,Node_05+Node_12,10,0
2482,275,7,Node_08+Node_09,10,0
2483,275,8,Node_01+Node_04+Node_13+Node_16,12,0
2484,276,0,Node_07,8,0
2485,276,1,Node_10,8,0
2486,276,2,Node_06,8,0
2487,276,3,Node_11,8,0
2488,276,4,Node_03+Node_14,10,0
2489,276,5,Node_02+Node_15,10,0
2490,276,6,Node_05+Node_12,10,0
2491,276,7,Node_08+Node_09,10,0
2492,276,8,Node_01+Node_04+Node_13+Node_16,12,0
2493,277,0,Node_07,8,0
2494,277,1,Node_10,8,0
2495,277,2,Node_06,8,0
2496,277,3,Node_11,8,0
2497,277,4,Node_03+Node_14,10,0
2498,277,5,Node_02+Node_15,10,0
2499,277,6,Node_05+Node_12,10,0
2500,277,7,Node_08+Node_09,10,0
2501,277,8,Node_01+Node_04+Node_13+Node_16,12,0
2502,278,0,Node_07,8,0
2503,278,1,Node_10,8,0
2504,278,2,Node_06,8,0
2505,278,3,Node_11,8,0
2506,278,4,Node_03+Node_14,10,0
2507,278,5,Node_02+Node_15,10,0
2508,278,6,Node_05+Node_12,10,0
2509,278,7,Node_08+Node_09,10,0
2510,278,8,Node_01+Node_04+Node_13+Node_16,12,0
2511,279,0,Node_07,8,0
2512,279,1,Node_10,8,0
2513,279,2,Node_06,8,0
2514,279,3,Node_11,8,0
2515,279,4,Node_03+Node_14,10,0
2516,279,5,Node_02+Node_15,10,0
2517,279,6,Node_05+Node_12,10,0
2518,279,7,Node_08+Node_09,10,0
2519,279,8,Node_01+Node_04+Node_13+Node_16,12,0
2520,280,0,Node_07,8,0
2521,280,1,Node_10,8,0
2522,280,2,Node_06,8,0
2523,280,3,Node_11,8,0
2524,280,4,Node_03+Node_14,10,0
2525,280,5,Node_02+Node_15,10,0
2526,280,6,Node_05+Node_12,10,0
2527,280,7,Node_08+Node_09,10,0
2528,280,8,Node_01+Node_04+Node_13+Node_16,12,0
2529,281,0,Node_07,8,0
2530,281,1,Node_10,8,0
2531,281,2,Node_06,8,0
2532,281,3,Node_11,8,0
2533,281,4,Node_03+Node_14,10,0
2534,281,5,Node_02+Node_15,10,0
2535,281,6,Node_05+Node_12,10,0
2536,281,7,Node_08+Node_09,10,0
2537,281,8,Node_01+Node_04+Node_13+Node_16,12,0
2538,282,0,Node_07,8,0
2539,282,1,Node_10,8,0
2540,282,2,Node_06,8,0
2541,282,3,Node_11,8,0
2542,282,4,Node_03+Node_14,10,0
2543,282,5,Node_02+Node_15,10,0
2544,282,6,Node_05+Node_12,10,0
2545,282,7,Node_08+Node_09,10,0
2546,282,8,Node_01+Node_04+Node_13+Node_16,12,0
2547,283,0,Node_07,8,0
2548,283,1,Node_10,8,0
2549,283,2,Node_06,8,0
2550,283,3,Node_11,8,0
2551,283,4,Node_03+Node_14,10,0
2552,283,5,Node_02+Node_15,10,0
2553,283,6,Node_05+Node_12,10,0
2554,283,7,Node_08+Node_09,10,0
2555,283,8,Node_01+Node_04+Node_13+Node_16,12,0
2556,284,0,Node_07,8,0
2557,284,1,Node_10,8,0
2558,284,2,Node_06,8,0
2559,284,3,Node_11,8,0
2560,284,4,Node_03+Node_14,10,0
2561,284,5,Node_02+Node_15,10,0
2562,284,6,Node_05+Node_12,10,0
2563,284,7,Node_08+Node_09,10,0
2564,284,8,Node_01+Node_04+Node_13+Node_16,12,0
2565,285,0,Node_07,8,0
2566,285,1,Node_10,8,0
2567,285,2,Node_06,8,0
2568,285,3,Node_11,8,0
2569,285,4,Node_03+Node_14,10,0
2570,285,5,Node_02+Node_15,10,0
2571,285,6,Node_05+Node_12,10,0
2572,285,7,Node_08+Node_09,10,0
2573,285,8,Node_01+Node_04+Node_13+Node_16,12,0
2574,286,0,Node_07,8,0
2575,286,1,Node_10,8,0
2576,286,2,Node_06,8,0
2577,286,3,Node_11,8,0
2578,286,4,Node_03+Node_14,10,0
2579,286,5,Node_02+Node_15,10,0
2580,286,6,Node_05+Node_12,10,0
2581,286,7,Node_08+Node_09,10,0
2582,286,8,Node_01+Node_04+Node_13+Node_16,12,0
2583,287,0,Node_07,8,0
2584,287,1,Node_10,8,0
2585,287,2,Node_06,8,0
2586,287,3,Node_11,8,0
2587,287,4,Node_03+Node_14,10,0
2588,287,5,Node_02+Node_15,10,0
2589,287,6,Node_05+Node_12,10,0
2590,287,7,Node_08+Node_09,10,0
2591,287,8,Node_01+Node_04+Node_13+Node_16,12,0
2592,288,0,Node_07,8,0
2593,288,1,Node_10,8,0
2594,288,2,Node_06,8,0
2595,288,3,Node_11,8,0
2596,288,4,Node_03+Node_14,10,0
2597,288,5,Node_02+Node_15,10,0
2598,288,6,Node_05+Node_12,10,0
2599,288,7,Node_08+Node_09,10,0
2600,288,8,Node_01+Node_04+Node_13+Node_16,12,0
2601,289,0,Node_07,8,0
2602,289,1,Node_10,8,0
2603,289,2,Node_06,8,0
2604,289,3,Node_11,8,0
2605,289,4,Node_03+Node_14,10,0
2606,289,5,Node_02+Node_15,10,0
2607,289,6,Node_05+Node_12,10,0
2608,289,7,Node_08+Node_09,10,0
2609,289,8,Node_01+Node_04+Node_13+Node_16,12,0
2610,290,0,Node_07,8,0
2611,290,1,Node_10,8,0
2612,290,2,Node_06,8,0
2613,290,3,Node_11,8,0
2614,290,4,Node_03+Node_14,10,0
2615,290,5,Node_02+Node_15,10,0
2616,290,6,Node_05+Node_12,10,0
2617,290,7,Node_08+Node_09,10,0
2618,290,8,Node_01+Node_04+Node_13+Node_16,12,0
2619,291,0,Node_07,8,0
2620,291,1,Node_10,8,0
2621,291,2,Node_06,8,0
2622,291,3,Node_11,8,0
2623,291,4,Node_03+Node_14,10,0
2624,291,5,Node_02+Node_15,10,0
2625,291,6,Node_05+Node_12,10,0
2626,291,7,Node_08+Node_09,10,0
2627,291,8,Node_01+Node_04+Node_13+Node_16,12,0
2628,292,0,Node_07,8,0
2629,292,1,Node_10,8,0
2630,292,2,Node_06,8,0
2631,292,3,Node_11,8,0
2632,292,4,Node_03+Node_14,10,0
2633,292,5,Node_02+Node_15,10,0
2634,292,6,Node_05+Node_12,10,0
2635,292,7,Node_08+Node_09,10,0
2636,292,8,Node_01+Node_04+Node_13+Node_16,12,0
2637,293,0,Node_07,8,0
2638,293,1,Node_10,8,0
2639,293,2,Node_06,8,0
2640,293,3,Node_11,8,0
2641,293,4,Node_03+Node_14,10,0
2642,293,5,Node_02+Node_15,10,0
2643,293,6,Node_05+Node_12,10,0
2644,293,7,Node_08+Node_09,10,0
2645,293,8,Node_01+Node_04+Node_13+Node_16,12,0
2646,294,0,Node_07,8,0
2647,294,1,Node_10,8,0
2648,294,2,Node_06,8,0
2649,294,3,Node_11,8,0
2650,294,4,Node_03+Node_14,10,0
2651,294,5,Node_02+Node_15,10,0
2652,294,6,Node_05+Node_12,10,0
2653,294,7,Node_08+Node_09,10,0
2654,294,8,Node_01+Node_04+Node_13+Node_16,12,0
2655,295,0,Node_07,8,0
2656,295,1,Node_10,8,0
2657,295,2,Node_06,8,0
2658,295,3,Node_11,8,0
2659,295,4,Node_03+Node_14,10,0
2660,295,5,Node_02+Node_15,10,0
2661,295,6,Node_05+Node_12,10,0
2662,295,7,Node_08+Node_09,10,0
2663,295,8,Node_01+Node_04+Node_13+Node_16,12,0
2664,296,0,Node_07,8,0
2665,296,1,Node_10,8,0
2666,296,2,Node_06,8,0
2667,296,3,Node_11,8,0
2668,296,4,Node_03+Node_14,10,0
2669,296,5,Node_02+Node_15,10,0
2670,296,6,Node_05+Node_12,10,0
2671,296,7,Node_08+Node_09,10,0
2672,296,8,Node_01+Node_04+Node_13+Node_16,12,0
2673,297,0,Node_07,8,0
2674,297,1,Node_10,8,0
2675,297,2,Node_06,8,0
2676,297,3,Node_11,8,0
2677,297,4,Node_03+Node_14,10,0
2678,297,5,Node_02+Node_15,10,0
2679,297,6,Node_05+Node_12,10,0
2680,297,7,Node_08+Node_09,10,0
2681,297,8,Node_01+Node_04+Node_13+Node_16,12,0
2682,298,0,Node_07,8,0
2683,298,1,Node_10,8,0
2684,298,2,Node_06,8,0
2685,298,3,Node_11,8,0
2686,298,4,Node_03+Node_14,10,0
2687,298,5,Node_02+Node_15,10,0
2688,298,6,Node_05+Node_12,10,0
2689,298,7,Node_08+Node_09,10,0
2690,298,8,Node_01+Node_04+Node_13+Node_16,12,0
2691,299,0,Node_07,8,0
2692,299,1,Node_10,8,0
2693,299,2,Node_06,8,0
2694,299,3,Node_11,8,0
2695,299,4,Node_03+Node_14,10,0
2696,299,5,Node_02+Node_15,10,0
2697,299,6,Node_05+Node_12,10,0
2698,299,7,Node_08+Node_09,10,0
2699,299,8,Node_01+Node_04+Node_13+Node_16,12,0
2700,300,0,Node_07,8,0
2701,300,1,Node_10,8,0
2702,300,2,Node_06,8,0
2703,300,3,Node_11,8,0
2704,300,4,Node_03+Node_14,10,0
2705,300,5,Node_02+Node_15,10,0
2706,300,6,Node_05+Node_12,10,0
2707,300,7,Node_08+Node_09,10,0
2708,300,8,Node_01+Node_04+Node_13+Node_16,12,0
2709,301,0,Node_07,8,0
2710,301,1,Node_10,8,0
2711,301,2,Node_06,8,0
2712,301,3,Node_11,8,0
2713,301,4,Node_03+Node_14,10,0
2714,301,5,Node_02+Node_15,10,0
2715,301,6,Node_05+Node_12,10,0
2716,301,7,Node_08+Node_09,10,0
2717,301,8,Node_01+Node_04+Node_13+Node_16,12,0
2718,302,0,Node_07,8,0
2719,302,1,Node_10,8,0
2720,302,2,Node_06,8,0
2721,302,3,Node_11,8,0
2722,302,4,Node_03+Node_14,10,0
2723,302,5,Node_02+Node_15,10,0
2724,302,6,Node_05+Node_12,10,0
2725,302,7,Node_08+Node_09,10,0
2726,302,8,Node_01+Node_04+Node_13+Node_16,12,0
2727,303,0,Node_07,8,0
2728,303,1,Node_10,8,0
2729,303,2,Node_06,8,0
2730,303,3,Node_11,8,0
2731,303,4,Node_03+Node_14,10,0
2732,303,5,Node_02+Node_15,10,0
2733,303,6,Node_05+Node_12,10,0
2734,303,7,Node_08+Node_09,10,0
2735,303,8,Node_01+Node_04+Node_13+Node_16,12,0
2736,304,0,Node_07,8,0
2737,304,1,Node_10,8,0
2738,304,2,Node_06,8,0
2739,304,3,Node_11,8,0
2740,304,4,Node_03+Node_14,10,0
2741,304,5,Node_02+Node_15,10,0
2742,304,6,Node_05+Node_12,10,0
2743,304,7,Node_08+Node_09,10,0
2744,304,8,Node_01+Node_04+Node_13+Node_16,12,0
2745,305,0,Node_07,8,0
2746,305,1,Node_10,8,0
2747,305,2,Node_06,8,0
2748,305,3,Node_11,8,0
2749,305,4,Node_03+Node_14,10,0
2750,305,5,Node_02+Node_15,10,0
2751,305,6,Node_05+Node_12,10,0
2752,305,7,Node_08+Node_09,10,0
2753,305,8,Node_01+Node_04+Node_13+Node_16,12,0
2754,306,0,Node_07,8,0
2755,306,1,Node_10,8,0
2756,306,2,Node_06,8,0
2757,306,3,Node_11,8,0
2758,306,4,Node_03+Node_14,10,0
2759,306,5,Node_02+Node_15,10,0
2760,306,6,Node_05+Node_12,10,0
2761,306,7,Node_08+Node_09,10,0
2762,306,8,Node_01+Node_04+Node_13+Node_16,12,0
2763,307,0,Node_07,8,0
2764,307,1,Node_10,8,0
2765,307,2,Node_06,8,0
2766,307,3,Node_11,8,0
2767,307,4,Node_03+Node_14,10,0
2768,307,5,Node_02+Node_15,10,0
2769,307,6,Node_05+Node_12,10,0
2770,307,7,Node_08+Node_09,10,0
2771,307,8,Node_01+Node_04+Node_13+Node_16,12,0
2772,308,0,Node_07,8,0
2773,308,1,Node_10,8,0
2774,308,2,Node_06,8,0
2775,308,3,Node_11,8,0
2776,308,4,Node_03+Node_14,10,0
2777,308,5,Node_02+Node_15,10,0
2778,308,6,Node_05+Node_12,10,0
2779,308,7,Node_08+Node_09,10,0
2780,308,8,Node_01+Node_04+Node_13+Node_16,12,0
2781,309,0,Node_07,8,0
2782,309,1,Node_10,8,0
2783,309,2,Node_06,8,0
2784,309,3,Node_11,8,0
2785,309,4,Node_03+Node_14,10,0
2786,309,5,Node_02+Node_15,10,0
2787,309,6,Node_05+Node_12,10,0
2788,309,7,Node_08+Node_09,10,0
2789,309,8,Node_01+Node_04+Node_13+Node_16,12,0
2790,310,0,Node_07,8,0
2791,310,1,Node_10,8,0
2792,310,2,Node_06,8,0
2793,310,3,Node_11,8,0
2794,310,4,Node_03+Node_14,10,0
2795,310,5,Node_02+Node_15,10,0
2796,310,6,Node_05+Node_12,10,0
2797,310,7,Node_08+Node_09,10,0
2798,310,8,Node_01+Node_04+Node_13+Node_16,12,0
2799,311,0,Node_07,8,0
2800,311,1,Node_10,8,0
2801,311,2,Node_06,8,0
2802,311,3,Node_11,8,0
2803,311,4,Node_03+Node_14,10,0
2804,311,5,Node_02+Node_15,10,0
2805,311,6,Node_05+Node_12,10,0
2806,311,7,Node_08+Node_09,10,0
2807,311,8,Node_01+Node_04+Node_13+Node_16,12,0
2808,312,0,Node_07,8,0
2809,312,1,Node_10,8,0
2810,312,2,Node_06,8,0
2811,312,3,Node_11,8,0
2812,312,4,Node_03+Node_14,10,0
2813,312,5,Node_02+Node_15,10,0
2814,312,6,Node_05+Node_12,10,0
2815,312,7,Node_08+Node_09,10,0
2816,312,8,Node_01+Node_04+Node_13+Node_16,12,0
2817,313,0,Node_07,8,0
2818,313,1,Node_10,8,0
2819,313,2,Node_06,8,0
2820,313,3,Node_11,8,0
2821,313,4,Node_03+Node_14,10,0
2822,313,5,Node_02+Node_15,10,0
2823,313,6,Node_05+Node_12,10,0
2824,313,7,Node_08+Node_09,10,0
2825,313,8,Node_01+Node_04+Node_13+Node_16,12,0
2826,314,0,Node_07,8,0
2827,314,1,Node_10,8,0
2828,314,2,Node_06,8,0
2829,314,3,Node_11,8,0
2830,314,4,Node_03+Node_14,10,0
2831,314,5,Node_02+Node_15,10,0
2832,314,6,Node_05+Node_12,10,0
2833,314,7,Node_08+Node_09,10,0
2834,314,8,Node_01+Node_04+Node_13+Node_16,12,0
2835,315,0,Node_07,8,0
2836,315,1,Node_10,8,0
2837,315,2,Node_06,8,0
2838,315,3,Node_11,8,0
2839,315,4,Node_03+Node_14,10,0
2840,315,5,Node_02+Node_15,10,0
2841,315,6,Node_05+Node_12,10,0
2842,315,7,Node_08+Node_09,10,0
2843,315,8,Node_01+Node_04+Node_13+Node_16,12,0
2844,316,0,Node_07,8,0
2845,316,1,Node_10,8,0
2846,316,2,Node_06,8,0
2847,316,3,Node_11,8,0
2848,316,4,Node_03+Node_14,10,0
2849,316,5,Node_02+Node_15,10,0
2850,316,6,Node_05+Node_12,10,0
2851,316,7,Node_08+Node_09,10,0
2852,316,8,Node_01+Node_04+Node_13+Node_16,12,0
2853,317,0,Node_07,8,0
2854,317,1,Node_10,8,0
2855,317,2,Node_06,8,0
2856,317,3,Node_11,8,0
2857,317,4,Node_03+Node_14,10,0
2858,317,5,Node_02+Node_15,10,0
2859,317,6,Node_05+Node_12,10,0
2860,317,7,Node_08+Node_09,10,0
2861,317,8,Node_01+Node_04+Node_13+Node_16,12,0
2862,318,0,Node_07,8,0
2863,318,1,Node_10,8,0
2864,318,2,Node_06,8,0
2865,318,3,Node_11,8,0
2866,318,4,Node_03+Node_14,10,0
2867,318,5,Node_02+Node_15,10,0
2868,318,6,Node_05+Node_12,10,0
2869,318,7,Node_08+Node_09,10,0
2870,318,8,Node_01+Node_04+Node_13+Node_16,12,0
2871,319,0,Node_07,8,0
2872,319,1,Node_10,8,0
2873,319,2,Node_06,8,0
2874,319,3,Node_11,8,0
2875,319,4,Node_03+Node_14,10,0
2876,319,5,Node_02+Node_15,10,0
2877,319,6,Node_05+Node_12,10,0
2878,319,7,Node_08+Node_09,10,0
2879,319,8,Node_01+Node_04+Node_13+Node_16,12,0
2880,320,0,Node_07,8,0
2881,320,1,Node_10,8,0
2882,320,2,Node_06,8,0
2883,320,3,Node_11,8,0
2884,320,4,Node_03+Node_14,10,0
2885,320,5,Node_02+Node_15,10,0
2886,320,6,Node_05+Node_12,10,0
2887,320,7,Node_08+Node_09,10,0
2888,320,8,Node_01+Node_04+Node_13+Node_16,12,0
2889,321,0,Node_07,8,0
2890,321,1,Node_10,8,0
2891,321,2,Node_06,8,0
2892,321,3,Node_11,8,0
2893,321,4,Node_03+Node_14,10,0
2894,321,5,Node_02+Node_15,10,0
2895,321,6,Node_05+Node_12,10,0
2896,321,7,Node_08+Node_09,10,0
2897,321,8,Node_01+Node_04+Node_13+Node_16,12,0
2898,322,0,Node_07,8,0
2899,322,1,Node_10,8,0
2900,322,2,Node_06,8,0
2901,322,3,Node_11,8,0
2902,322,4,Node_03+Node_14,10,0
2903,322,5,Node_02+Node_15,10,0
2904,322,6,Node_05+Node_12,10,0
2905,322,7,Node_08+Node_09,10,0
2906,322,8,Node_01+Node_04+Node_13+Node_16,12,0
2907,323,0,Node_07,8,0
2908,323,1,Node_10,8,0
2909,323,2,Node_06,8,0
2910,323,3,Node_11,8,0
2911,323,4,Node_03+Node_14,10,0
2912,323,5,Node_02+Node_15,10,0
2913,323,6,Node_05+Node_12,10,0
2914,323,7,Node_08+Node_09,10,0
2915,323,8,Node_01+Node_04+Node_13+Node_16,12,0
2916,324,0,Node_07,8,0
2917,324,1,Node_10,8,0
2918,324,2,Node_06,8,0
2919,324,3,Node_11,8,0
2920,324,4,Node_03+Node_14,10,0
2921,324,5,Node_02+Node_15,10,0
2922,324,6,Node_05+Node_12,10,0
2923,324,7,Node_08+Node_09,10,0
2924,324,8,Node_01+Node_04+Node_13+Node_16,12,0
2925,325,0,Node_07,8,0
2926,325,1,Node_10,8,0
2927,325,2,Node_06,8,0
2928,325,3,Node_11,8,0
2929,325,4,Node_03+Node_14,10,0
2930,325,5,Node_02+Node_15,10,0
2931,325,6,Node_05+Node_12,10,0
2932,325,7,Node_08+Node_09,10,0
2933,325,8,Node_01+Node_04+Node_13+Node_16,12,0
2934,326,0,Node_07,8,0
2935,326,1,Node_10,8,0
2936,326,2,Node_06,8,0
2937,326,3,Node_11,8,0
2938,326,4,Node_03+Node_14,10,0
2939,326,5,Node_02+Node_15,10,0
2940,326,6,Node_05+Node_12,10,0
2941,326,7,Node_08+Node_09,10,0
2942,326,8,Node_01+Node_04+Node_13+Node_16,12,0
2943,327,0,Node_07,8,0
2944,327,1,Node_10,8,0
2945,327,2,Node_06,8,0
2946,327,3,Node_11,8,0
2947,327,4,Node_03+Node_14,10,0
2948,327,5,Node_02+Node_15,10,0
2949,327,6,Node_05+Node_12,10,0
2950,327,7,Node_08+Node_09,10,0
2951,327,8,Node_01+Node_04+Node_13+Node_16,12,0
2952,328,0,Node_07,8,0
2953,328,1,Node_10,8,0
2954,328,2,Node_06,8,0
2955,328,3,Node_11,8,0
2956,328,4,Node_03+Node_14,10,0
2957,328,5,Node_02+Node_15,10,0
2958,328,6,Node_05+Node_12,10,0
2959,328,7,Node_08+Node_09,10,0
2960,328,8,Node_01+Node_04+Node_13+Node_16,12,0
2961,329,0,Node_07,8,0
2962,329,1,Node_10,8,0
2963,329,2,Node_06,8,0
2964,329,3,Node_11,8,0
2965,329,4,Node_03+Node_14,10,0
2966,329,5,Node_02+Node_15,10,0
2967,329,6,Node_05+Node_12,10,0
2968,329,7,Node_08+Node_09,10,0
2969,329,8,Node_01+Node_04+Node_13+Node_16,12,0
2970,330,0,Node_07,8,0
2971,330,1,Node_10,8,0
2972,330,2,Node_06,8,0
2973,330,3,Node_11,8,0
2974,330,4,Node_03+Node_14,10,0
2975,330,5,Node_02+Node_15,10,0
2976,330,6,Node_05+Node_12,10,0
2977,330,7,Node_08+Node_09,10,0
2978,330,8,Node_01+Node_04+Node_13+Node_16,12,0
2979,331,0,Node_07,8,0
2980,331,1,Node_10,8,0
2981,331,2,Node_06,8,0
2982,331,3,Node_11,8,0
2983,331,4,Node_03+Node_14,10,0
2984,331,5,Node_02+Node_15,10,0
2985,331,6,Node_05+Node_12,10,0
2986,331,7,Node_08+Node_09,10,0
2987,331,8,Node_01+Node_04+Node_13+Node_16,12,0
2988,332,0,Node_07,8,0
2989,332,1,Node_10,8,0
2990,332,2,Node_06,8,0
2991,332,3,Node_11,8,0
2992,332,4,Node_03+Node_14,10,0
2993,332,5,Node_02+Node_15,10,0
2994,332,6,Node_05+Node_12,10,0
2995,332,7,Node_08+Node_09,10,0
2996,332,8,Node_01+Node_04+Node_13+Node_16,12,0
2997,333,0,Node_07,8,0
2998,333,1,Node_10,8,0
2999,333,2,Node_06,8,0
3000,333,3,Node_11,8,0
3001,333,4,Node_03+Node_14,10,0
3002,333,5,Node_02+Node_15,10,0
3003,333,6,Node_05+Node_12,10,0
3004,333,7,Node_08+Node_09,10,0
3005,333,8,Node_01+Node_04+Node_13+Node_16,12,0
3006,334,0,Node_07,8,0
3007,334,1,Node_10,8,0
3008,334,2,Node_06,8,0
3009,334,3,Node_11,8,0
3010,334,4,Node_03+Node_14,10,0
3011,334,5,Node_02+Node_15,10,0
3012,334,6,Node_05+Node_12,10,0
3013,334,7,Node_08+Node_09,10,0
3014,334,8,Node_01+Node_04+Node_13+Node_16,12,0
3015,335,0,Node_07,8,0
3016,335,1,Node_10,8,0
3017,335,2,Node_06,8,0
3018,335,3,Node_11,8,0
3019,335,4,Node_03+Node_14,10,0
3020,335,5,Node_02+Node_15,10,0
3021,335,6,Node_05+Node_12,10,0
3022,335,7,Node_08+Node_09,10,0
3023,335,8,Node_01+Node_04+Node_13+Node_16,12,0
3024,336,0,Node_07,8,0
3025,336,1,Node_10,8,0
3026,336,2,Node_06,8,0
3027,336,3,Node_11,8,0
3028,336,4,Node_03+Node_14,10,0
3029,336,5,Node_02+Node_15,10,0
3030,336,6,Node_05+Node_12,10,0
3031,336,7,Node_08+Node_09,10,0
3032,336,8,Node_01+Node_04+Node_13+Node_16,12,0
3033,337,0,Node_07,8,0
3034,337,1,Node_10,8,0
3035,337,2,Node_06,8,0
3036,337,3,Node_11,8,0
3037,337,4,Node_03+Node_14,10,0
3038,337,5,Node_02+Node_15,10,0
3039,337,6,Node_05+Node_12,10,0
3040,337,7,Node_08+Node_09,10,0
3041,337,8,Node_01+Node_04+Node_13+Node_16,12,0
3042,338,0,Node_07,8,0
3043,338,1,Node_10,8,0
3044,338,2,Node_06,8,0
3045,338,3,Node_11,8,0
3046,338,4,Node_03+Node_14,10,0
3047,338,5,Node_02+Node_15,10,0
3048,338,6,Node_05+Node_12,10,0
3049,338,7,Node_08+Node_09,10,0
3050,338,8,Node_01+Node_04+Node_13+Node_16,12,0
3051,339,0,Node_07,8,0
3052,339,1,Node_10,8,0
3053,339,2,Node_06,8,0
3054,339,3,Node_11,8,0
3055,339,4,Node_03+Node_14,10,0
3056,339,5,Node_02+Node_15,10,0
3057,339,6,Node_05+Node_12,10,0
3058,339,7,Node_08+Node_09,10,0
3059,339,8,Node_01+Node_04+Node_13+Node_16,12,0
3060,340,0,Node_07,8,0
3061,340,1,Node_10,8,0
3062,340,2,Node_06,8,0
3063,340,3,Node_11,8,0
3064,340,4,Node_03+Node_14,10,0
3065,340,5,Node_02+Node_15,10,0
3066,340,6,Node_05+Node_12,10,0
3067,340,7,Node_08+Node_09,10,0
3068,340,8,Node_01+Node_04+Node_13+Node_16,12,0
3069,341,0,Node_07,8,0
3070,341,1,Node_10,8,0
3071,341,2,Node_06,8,0
3072,341,3,Node_11,8,0
3073,341,4,Node_03+Node_14,10,0
3074,341,5,Node_02+Node_15,10,0
3075,341,6,Node_05+Node_12,10,0
3076,341,7,Node_08+Node_09,10,0
3077,341,8,Node_01+Node_04+Node_13+Node_16,12,0
3078,342,0,Node_07,8,0
3079,342,1,Node_10,8,0
3080,342,2,Node_06,8,0
3081,342,3,Node_11,8,0
3082,342,4,Node_03+Node_14,10,0
3083,342,5,Node_02+Node_15,10,0
3084,342,6,Node_05+Node_12,10,0
3085,342,7,Node_08+Node_09,10,0
3086,342,8,Node_01+Node_04+Node_13+Node_16,12,0
3087,343,0,Node_07,8,0
3088,343,1,Node_10,8,0
3089,343,2,Node_06,8,0
3090,343,3,Node_11,8,0
3091,343,4,Node_03+Node_14,10,0
3092,343,5,Node_02+Node_15,10,0
3093,343,6,Node_05+Node_12,10,0
3094,343,7,Node_08+Node_09,10,0
3095,343,8,Node_01+Node_04+Node_13+Node_16,12,0
3096,344,0,Node_07,8,0
3097,344,1,Node_10,8,0
3098,344,2,Node_06,8,0
3099,344,3,Node_11,8,0
3100,344,4,Node_03+Node_14,10,0
3101,344,5,Node_02+Node_15,10,0
3102,344,6,Node_05+Node_12,10,0
3103,344,7,Node_08+Node_09,10,0
3104,344,8,Node_01+Node_04+Node_13+Node_16,12,0
3105,345,0,Node_07,8,0
3106,345,1,Node_10,8,0
3107,345,2,Node_06,8,0
3108,345,3,Node_11,8,0
3109,345,4,Node_03+Node_14,10,0
3110,345,5,Node_02+Node_15,10,0
3111,345,6,Node_05+Node_12,10,0
3112,345,7,Node_08+Node_09,10,0
3113,345,8,Node_01+Node_04+Node_13+Node_16,12,0
3114,346,0,Node_07,8,0
3115,346,1,Node_10,8,0
3116,346,2,Node_06,8,0
3117,346,3,Node_11,8,0
3118,346,4,Node_03+Node_14,10,0
3119,346,5,Node_02+Node_15,10,0
3120,346,6,Node_05+Node_12,10,0
3121,346,7,Node_08+Node_09,10,0
3122,346,8,Node_01+Node_04+Node_13+Node_16,12,0
3123,347,0,Node_07,8,0
3124,347,1,Node_10,8,0
3125,347,2,Node_06,8,0
3126,347,3,Node_11,8,0
3127,347,4,Node_03+Node_14,10,0
3128,347,5,Node_02+Node_15,10,0
3129,347,6,Node_05+Node_12,10,0
3130,347,7,Node_08+Node_09,10,0
3131,347,8,Node_01+Node_04+Node_13+Node_16,12,0
3132,348,0,Node_07,8,0
3133,348,1,Node_10,8,0
3134,348,2,Node_06,8,0
3135,348,3,Node_11,8,0
3136,348,4,Node_03+Node_14,10,0
3137,348,5,Node_02+Node_15,10,0
3138,348,6,Node_05+Node_12,10,0
3139,348,7,Node_08+Node_09,10,0
3140,348,8,Node_01+Node_04+Node_13+Node_16,12,0
3141,349,0,Node_07,8,0
3142,349,1,Node_10,8,0
3143,349,2,Node_06,8,0
3144,349,3,Node_11,8,0
3145,349,4,Node_03+Node_14,10,0
3146,349,5,Node_02+Node_15,10,0
3147,349,6,Node_05+Node_12,10,0
3148,349,7,Node_08+Node_09,10,0
3149,349,8,Node_01+Node_04+Node_13+Node_16,12,0
3150,350,0,Node_07,8,0
3151,350,1,Node_10,8,0
3152,350,2,Node_06,8,0
3153,350,3,Node_11,8,0
3154,350,4,Node_03+Node_14,10,0
3155,350,5,Node_02+Node_15,10,0
3156,350,6,Node_05+Node_12,10,0
3157,350,7,Node_08+Node_09,10,0
3158,350,8,Node_01+Node_04+Node_13+Node_16,12,0
3159,351,0,Node_07,8,0
3160,351,1,Node_10,8,0
3161,351,2,Node_06,8,0
3162,351,3,Node_11,8,0
3163,351,4,Node_03+Node_14,10,0
3164,351,5,Node_02+Node_15,10,0
3165,351,6,Node_05+Node_12,10,0
3166,351,7,Node_08+Node_09,10,0
3167,351,8,Node_01+Node_04+Node_13+Node_16,12,0
3168,352,0,Node_07,8,0
3169,352,1,Node_10,8,0
3170,352,2,Node_06,8,0
3171,352,3,Node_11,8,0
3172,352,4,Node_03+Node_14,10,0
3173,352,5,Node_02+Node_15,10,0
3174,352,6,Node_05+Node_12,10,0
3175,352,7,Node_08+Node_09,10,0
3176,352,8,Node_01+Node_04+Node_13+Node_16,12,0
3177,353,0,Node_07,8,0
3178,353,1,Node_10,8,0
3179,353,2,Node_06,8,0
3180,353,3,Node_11,8,0
3181,353,4,Node_03+Node_14,10,0
3182,353,5,Node_02+Node_15,10,0
3183,353,6,Node_05+Node_12,10,0
3184,353,7,Node_08+Node_09,10,0
3185,353,8,Node_01+Node_04+Node_13+Node_16,12,0
3186,354,0,Node_07,8,0
3187,354,1,Node_10,8,0
3188,354,2,Node_06,8,0
3189,354,3,Node_11,8,0
3190,354,4,Node_03+Node_14,10,0
3191,354,5,Node_02+Node_15,10,0
3192,354,6,Node_05+Node_12,10,0
3193,354,7,Node_08+Node_09,10,0
3194,354,8,Node_01+Node_04+Node_13+Node_16,12,0
3195,355,0,Node_07,8,0
3196,355,1,Node_10,8,0
3197,355,2,Node_06,8,0
3198,355,3,Node_11,8,0
3199,355,4,Node_03+Node_14,10,0
3200,355,5,Node_02+Node_15,10,0
3201,355,6,Node_05+Node_12,10,0
3202,355,7,Node_08+Node_09,10,0
3203,355,8,Node_01+Node_04+Node_13+Node_16,12,0
3204,356,0,Node_07,8,0
3205,356,1,Node_10,8,0
3206,356,2,Node_06,8,0
3207,356,3,Node_11,8,0
3208,356,4,Node_03+Node_14,10,0
3209,356,5,Node_02+Node_15,10,0
3210,356,6,Node_05+Node_12,10,0
3211,356,7,Node_08+Node_09,10,0
3212,356,8,Node_01+Node_04+Node_13+Node_16,12,0
3213,357,0,Node_07,8,0
3214,357,1,Node_10,8,0
3215,357,2,Node_06,8,0
3216,357,3,Node_11,8,0
3217,357,4,Node_03+Node_14,10,0
3218,357,5,Node_02+Node_15,10,0
3219,357,6,Node_05+Node_12,10,0
3220,357,7,Node_08+Node_09,10,0
3221,357,8,Node_01+Node_04+Node_13+Node_16,12,0
3222,358,0,Node_07,8,0
3223,358,1,Node_10,8,0
3224,358,2,Node_06,8,0
3225,358,3,Node_11,8,0
3226,358,4,Node_03+Node_14,10,0
3227,358,5,Node_02+Node_15,10,0
3228,358,6,Node_05+Node_12,10,0
3229,358,7,Node_08+Node_09,10,0
3230,358,8,Node_01+Node_04+Node_13+Node_16,12,0
3231,359,0,Node_07,8,0
3232,359,1,Node_10,8,0
3233,359,2,Node_06,8,0
3234,359,3,Node_11,8,0
3235,359,4,Node_03+Node_14,10,0
3236,359,5,Node_02+Node_15,10,0
3237,359,6,Node_05+Node_12,10,0
3238,359,7,Node_08+Node_09,10,0
3239,359,8,Node_01+Node_04+Node_13+Node_16,12,0
3240,360,0,Node_07,8,0
3241,360,1,Node_10,8,0
3242,360,2,Node_06,8,0
3243,360,3,Node_11,8,0
3244,360,4,Node_03+Node_14,10,0
3245,360,5,Node_02+Node_15,10,0
3246,360,6,Node_05+Node_12,10,0
3247,360,7,Node_08+Node_09,10,0
3248,360,8,Node_01+Node_04+Node_13+Node_16,12,0
3249,361,0,Node_07,8,0
3250,361,1,Node_10,8,0
3251,361,2,Node_06,8,0
3252,361,3,Node_11,8,0
3253,361,4,Node_03+Node_14,10,0
3254,361,5,Node_02+Node_15,10,0
3255,361,6,Node_05+Node_12,10,0
3256,361,7,Node_08+Node_09,10,0
3257,361,8,Node_01+Node_04+Node_13+Node_16,12,0
3258,362,0,Node_07,8,0
3259,362,1,Node_10,8,0
3260,362,2,Node_06,8,0
3261,362,3,Node_11,8,0
3262,362,4,Node_03+Node_14,10,0
3263,362,5,Node_02+Node_15,10,0
3264,362,6,Node_05+Node_12,10,0
3265,362,7,Node_08+Node_09,10,0
3266,362,8,Node_01+Node_04+Node_13+Node_16,12,0
3267,363,0,Node_07,8,0
3268,363,1,Node_10,8,0
3269,363,2,Node_06,8,0
3270,363,3,Node_11,8,0
3271,363,4,Node_03+Node_14,10,0
3272,363,5,Node_02+Node_15,10,0
3273,363,6,Node_05+Node_12,10,0
3274,363,7,Node_08+Node_09,10,0
3275,363,8,Node_01+Node_04+Node_13+Node_16,12,0
3276,364,0,Node_07,8,0
3277,364,1,Node_10,8,0
3278,364,2,Node_06,8,0
3279,364,3,Node_11,8,0
3280,364,4,Node_03+Node_14,10,0
3281,364,5,Node_02+Node_15,10,0
3282,364,6,Node_05+Node_12,10,0
3283,364,7,Node_08+Node_09,10,0
3284,364,8,Node_01+Node_04+Node_13+Node_16,12,0
3285,365,0,Node_07,8,0
3286,365,1,Node_10,8,0
3287,365,2,Node_06,8,0
3288,365,3,Node_11,8,0
3289,365,4,Node_03+Node_14,10,0
3290,365,5,Node_02+Node_15,10,0
3291,365,6,Node_05+Node_12,10,0
3292,365,7,Node_08+Node_09,10,0
3293,365,8,Node_01+Node_04+Node_13+Node_16,12,0
3294,366,0,Node_07,8,0
3295,366,1,Node_10,8,0
3296,366,2,Node_06,8,0
3297,366,3,Node_11,8,0
3298,366,4,Node_03+Node_14,10,0
3299,366,5,Node_02+Node_15,10,0
3300,366,6,Node_05+Node_12,10,0
3301,366,7,Node_08+Node_09,10,0
3302,366,8,Node_01+Node_04+Node_13+Node_16,12,0
3303,367,0,Node_07,8,0
3304,367,1,Node_10,8,0
3305,367,2,Node_06,8,0
3306,367,3,Node_11,8,0
3307,367,4,Node_03+Node_14,10,0
3308,367,5,Node_02+Node_15,10,0
3309,367,6,Node_05+Node_12,10,0
3310,367,7,Node_08+Node_09,10,0
3311,367,8,Node_01+Node_04+Node_13+Node_16,12,0
3312,368,0,Node_07,8,0
3313,368,1,Node_10,8,0
3314,368,2,Node_06,8,0
3315,368,3,Node_11,8,0
3316,368,4,Node_03+Node_14,10,0
3317,368,5,Node_02+Node_15,10,0
3318,368,6,Node_05+Node_12,10,0
3319,368,7,Node_08+Node_09,10,0
3320,368,8,Node_01+Node_04+Node_13+Node_16,12,0
3321,369,0,Node_07,8,0
3322,369,1,Node_10,8,0
3323,369,2,Node_06,8,0
3324,369,3,Node_11,8,0
3325,369,4,Node_03+Node_14,10,0
3326,369,5,Node_02+Node_15,10,0
3327,369,6,Node_05+Node_12,10,0
3328,369,7,Node_08+Node_09,10,0
3329,369,8,Node_01+Node_04+Node_13+Node_16,12,0
3330,370,0,Node_07,8,0
3331,370,1,Node_10,8,0
3332,370,2,Node_06,8,0
3333,370,3,Node_11,8,0
3334,370,4,Node_03+Node_14,10,0
3335,370,5,Node_02+Node_15,10,0
3336,370,6,Node_05+Node_12,10,0
3337,370,7,Node_08+Node_09,10,0
3338,370,8,Node_01+Node_04+Node_13+Node_16,12,0
3339,371,0,Node_07,8,0
3340,371,1,Node_10,8,0
3341,371,2,Node_06,8,0
3342,371,3,Node_11,8,0
3343,371,4,Node_03+Node_14,10,0
3344,371,5,Node_02+Node_15,10,0
3345,371,6,Node_05+Node_12,10,0
3346,371,7,Node_08+Node_09,10,0
3347,371,8,Node_01+Node_04+Node_13+Node_16,12,0
3348,372,0,Node_07,8,0
3349,372,1,Node_10,8,0
3350,372,2,Node_06,8,0
3351,372,3,Node_11,8,0
3352,372,4,Node_03+Node_14,10,0
3353,372,5,Node_02+Node_15,10,0
3354,372,6,Node_05+Node_12,10,0
3355,372,7,Node_08+Node_09,10,0
3356,372,8,Node_01+Node_04+Node_13+Node_16,12,0
3357,373,0,Node_07,8,0
3358,373,1,Node_10,8,0
3359,373,2,Node_06,8,0
3360,373,3,Node_11,8,0
3361,373,4,Node_03+Node_14,10,0
3362,373,5,Node_02+Node_15,10,0
3363,373,6,Node_05+Node_12,10,0
3364,373,7,Node_08+Node_09,10,0
3365,373,8,Node_01+Node_04+Node_13+Node_16,12,0
3366,374,0,Node_07,8,0
3367,374,1,Node_10,8,0
3368,374,2,Node_06,8,0
3369,374,3,Node_11,8,0
3370,374,4,Node_03+Node_14,10,0
3371,374,5,Node_02+Node_15,10,0
3372,374,6,Node_05+Node_12,10,0
3373,374,7,Node_08+Node_09,10,0
3374,374,8,Node_01+Node_04+Node_13+Node_16,12,0
3375,375,0,Node_07,8,0
3376,375,1,Node_10,8,0
3377,375,2,Node_06,8,0
3378,375,3,Node_11,8,0
3379,375,4,Node_03+Node_14,10,0
3380,375,5,Node_02+Node_15,10,0
3381,375,6,Node_05+Node_12,10,0
3382,375,7,Node_08+Node_09,10,0
3383,375,8,Node_01+Node_04+Node_13+Node_16,12,0
3384,376,0,Node_07,8,0
3385,376,1,Node_10,8,0
3386,376,2,Node_06,8,0
3387,376,3,Node_11,8,0
3388,376,4,Node_03+Node_14,10,0
3389,376,5,Node_02+Node_15,10,0
3390,376,6,Node_05+Node_12,10,0
3391,376,7,Node_08+Node_09,10,0
3392,376,8,Node_01+Node_04+Node_13+Node_16,12,0
3393,377,0,Node_07,8,0
3394,377,1,Node_10,8,0
3395,377,2,Node_06,8,0
3396,377,3,Node_11,8,0
3397,377,4,Node_03+Node_14,10,0
3398,377,5,Node_02+Node_15,10,0
3399,377,6,Node_05+Node_12,10,0
3400,377,7,Node_08+Node_09,10,0
3401,377,8,Node_01+Node_04+Node_13+Node_16,12,0
3402,378,0,Node_07,8,0
3403,378,1,Node_10,8,0
3404,378,2,Node_06,8,0
3405,378,3,Node_11,8,0
3406,378,4,Node_03+Node_14,10,0
3407,378,5,Node_02+Node_15,10,0
3408,378,6,Node_05+Node_12,10,0
3409,378,7,Node_08+Node_09,10,0
3410,378,8,Node_01+Node_04+Node_13+Node_16,12,0
3411,379,0,Node_07,8,0
3412,379,1,Node_10,8,0
3413,379,2,Node_06,8,0
3414,379,3,Node_11,8,0
3415,379,4,Node_03+Node_14,10,0
3416,379,5,Node_02+Node_15,10,0
3417,379,6,Node_05+Node_12,10,0
3418,379,7,Node_08+Node_09,10,0
3419,379,8,Node_01+Node_04+Node_13+Node_16,12,0
3420,380,0,Node_07,8,0
3421,380,1,Node_10,8,0
3422,380,2,Node_06,8,0
3423,380,3,Node_11,8,0
3424,380,4,Node_03+Node_14,10,0
3425,380,5,Node_02+Node_15,10,0
3426,380,6,Node_05+Node_12,10,0
3427,380,7,Node_08+Node_09,10,0
3428,380,8,Node_01+Node_04+Node_13+Node_16,12,0
3429,381,0,Node_07,8,0
3430,381,1,Node_10,8,0
3431,381,2,Node_06,8,0
3432,381,3,Node_11,8,0
3433,381,4,Node_03+Node_14,10,0
3434,381,5,Node_02+Node_15,10,0
3435,381,6,Node_05+Node_12,10,0
3436,381,7,Node_08+Node_09,10,0
3437,381,8,Node_01+Node_04+Node_13+Node_16,12,0
3438,382,0,Node_07,8,0
3439,382,1,Node_10,8,0
3440,382,2,Node_06,8,0
3441,382,3,Node_11,8,0
3442,382,4,Node_03+Node_14,10,0
3443,382,5,Node_02+Node_15,10,0
3444,382,6,Node_05+Node_12,10,0
3445,382,7,Node_08+Node_09,10,0
3446,382,8,Node_01+Node_04+Node_13+Node_16,12,0
3447,383,0,Node_07,8,0
3448,383,1,Node_10,8,0
3449,383,2,Node_06,8,0
3450,383,3,Node_11,8,0
3451,383,4,Node_03+Node_14,10,0
3452,383,5,Node_02+Node_15,10,0
3453,383,6,Node_05+Node_12,10,0
3454,383,7,Node_08+Node_09,10,0
3455,383,8,Node_01+Node_04+Node_13+Node_16,12,0
3456,384,0,Node_07,8,0
3457,384,1,Node_10,8,0
3458,384,2,Node_06,8,0
3459,384,3,Node_11,8,0
3460,384,4,Node_03+Node_14,10,0
3461,384,5,Node_02+Node_15,10,0
3462,384,6,Node_05+Node_12,10,0
3463,384,7,Node_08+Node_09,10,0
3464,384,8,Node_01+Node_04+Node_13+Node_16,12,0
3465,385,0,Node_07,8,0
3466,385,1,Node_10,8,0
3467,385,2,Node_06,8,0
3468,385,3,Node_11,8,0
3469,385,4,Node_03+Node_14,10,0
3470,385,5,Node_02+Node_15,10,0
3471,385,6,Node_05+Node_12,10,0
3472,385,7,Node_08+Node_09,10,0
3473,385,8,Node_01+Node_04+Node_13+Node_16,12,0
3474,386,0,Node_07,8,0
3475,386,1,Node_10,8,0
3476,386,2,Node_06,8,0
3477,386,3,Node_11,8,0
3478,386,4,Node_03+Node_14,10,0
3479,386,5,Node_02+Node_15,10,0
3480,386,6,Node_05+Node_12,10,0
3481,386,7,Node_08+Node_09,10,0
3482,386,8,Node_01+Node_04+Node_13+Node_16,12,0
3483,387,0,Node_07,8,0
3484,387,1,Node_10,8,0
3485,387,2,Node_06,8,0
3486,387,3,Node_11,8,0
3487,387,4,Node_03+Node_14,10,0
3488,387,5,Node_02+Node_15,10,0
3489,387,6,Node_05+Node_12,10,0
3490,387,7,Node_08+Node_09,10,0
3491,387,8,Node_01+Node_04+Node_13+Node_16,12,0
3492,388,0,Node_07,8,0
3493,388,1,Node_10,8,0
3494,388,2,Node_06,8,0
3495,388,3,Node_11,8,0
3496,388,4,Node_03+Node_14,10,0
3497,388,5,Node_02+Node_15,10,0
3498,388,6,Node_05+Node_12,10,0
3499,388,7,Node_08+Node_09,10,0
3500,388,8,Node_01+Node_04+Node_13+Node_16,12,0
3501,389,0,Node_07,8,0
3502,389,1,Node_10,8,0
3503,389,2,Node_06,8,0
3504,389,3,Node_11,8,0
3505,389,4,Node_03+Node_14,10,0
3506,389,5,Node_02+Node_15,10,0
3507,389,6,Node_05+Node_12,10,0
3508,389,7,Node_08+Node_09,10,0
3509,389,8,Node_01+Node_04+Node_13+Node_16,12,0
3510,390,0,Node_07,8,0
3511,390,1,Node_10,8,0
3512,390,2,Node_06,8,0
3513,390,3,Node_11,8,0
3514,390,4,Node_03+Node_14,10,0
3515,390,5,Node_02+Node_15,10,0
3516,390,6,Node_05+Node_12,10,0
3517,390,7,Node_08+Node_09,10,0
3518,390,8,Node_01+Node_04+Node_13+Node_16,12,0
3519,391,0,Node_07,8,0
3520,391,1,Node_10,8,0
3521,391,2,Node_06,8,0
3522,391,3,Node_11,8,0
3523,391,4,Node_03+Node_14,10,0
3524,391,5,Node_02+Node_15,10,0
3525,391,6,Node_05+Node_12,10,0
3526,391,7,Node_08+Node_09,10,0
3527,391,8,Node_01+Node_04+Node_13+Node_16,12,0
3528,392,0,Node_07,8,0
3529,392,1,Node_10,8,0
3530,392,2,Node_06,8,0
3531,392,3,Node_11,8,0
3532,392,4,Node_03+Node_14,10,0
3533,392,5,Node_02+Node_15,10,0
3534,392,6,Node_05+Node_12,10,0
3535,392,7,Node_08+Node_09,10,0
3536,392,8,Node_01+Node_04+Node_13+Node_16,12,0
3537,393,0,Node_07,8,0
3538,393,1,Node_10,8,0
3539,393,2,Node_06,8,0
3540,393,3,Node_11,8,0
3541,393,4,Node_03+Node_14,10,0
3542,393,5,Node_02+Node_15,10,0
3543,393,6,Node_05+Node_12,10,0
3544,393,7,Node_08+Node_09,10,0
3545,393,8,Node_01+Node_04+Node_13+Node_16,12,0
3546,394,0,Node_07,8,0
3547,394,1,Node_10,8,0
3548,394,2,Node_06,8,0
3549,394,3,Node_11,8,0
3550,394,4,Node_03+Node_14,10,0
3551,394,5,Node_02+Node_15,10,0
3552,394,6,Node_05+Node_12,10,0
3553,394,7,Node_08+Node_09,10,0
3554,394,8,Node_01+Node_04+Node_13+Node_16,12,0
3555,395,0,Node_07,8,0
3556,395,1,Node_10,8,0
3557,395,2,Node_06,8,0
3558,395,3,Node_11,8,0
3559,395,4,Node_03+Node_14,10,0
3560,395,5,Node_02+Node_15,10,0
3561,395,6,Node_05+Node_12,10,0
3562,395,7,Node_08+Node_09,10,0
3563,395,8,Node_01+Node_04+Node_13+Node_16,12,0
3564,396,0,Node_07,8,0
3565,396,1,Node_10,8,0
3566,396,2,Node_06,8,0
3567,396,3,Node_11,8,0
3568,396,4,Node_03+Node_14,10,0
3569,396,5,Node_02+Node_15,10,0
3570,396,6,Node_05+Node_12,10,0
3571,396,7,Node_08+Node_09,10,0
3572,396,8,Node_01+Node_04+Node_13+Node_16,12,0
3573,397,0,Node_07,8,0
3574,397,1,Node_10,8,0
3575,397,2,Node_06,8,0
3576,397,3,Node_11,8,0
3577,397,4,Node_03+Node_14,10,0
3578,397,5,Node_02+Node_15,10,0
3579,397,6,Node_05+Node_12,10,0
3580,397,7,Node_08+Node_09,10,0
3581,397,8,Node_01+Node_04+Node_13+Node_16,12,0
3582,398,0,Node_07,8,0
3583,398,1,Node_10,8,0
3584,398,2,Node_06,8,0
3585,398,3,Node_11,8,0
3586,398,4,Node_03+Node_14,10,0
3587,398,5,Node_02+Node_15,10,0
3588,398,6,Node_05+Node_12,10,0
3589,398,7,Node_08+Node_09,10,0
3590,398,8,Node_01+Node_04+Node_13+Node_16,12,0
3591,399,0,Node_07,8,0
3592,399,1,Node_10,8,0
3593,399,2,Node_06,8,0
3594,399,3,Node_11,8,0
3595,399,4,Node_03+Node_14,10,0
3596,399,5,Node_02+Node_15,10,0
3597,399,6,Node_05+Node_12,10,0
3598,399,7,Node_08+Node_09,10,0
3599,399,8,Node_01+Node_04+Node_13+Node_16,12,0
3600,400,0,Node_07,8,0
3601,400,1,Node_10,8,0
3602,400,2,Node_06,8,0
3603,400,3,Node_11,8,0
3604,400,4,Node_03+Node_14,10,0
3605,400,5,Node_02+Node_15,10,0
3606,400,6,Node_05+Node_12,10,0
3607,400,7,Node_08+Node_09,10,0
3608,400,8,Node_01+Node_04+Node_13+Node_16,12,0
3609,401,0,Node_07,8,0
3610,401,1,Node_10,8,0
3611,401,2,Node_06,8,0
3612,401,3,Node_11,8,0
3613,401,4,Node_03+Node_14,10,0
3614,401,5,Node_02+Node_15,10,0
3615,401,6,Node_05+Node_12,10,0
3616,401,7,Node_08+Node_09,10,0
3617,401,8,Node_01+Node_04+Node_13+Node_16,12,0
3618,402,0,Node_07,8,0
3619,402,1,Node_10,8,0
3620,402,2,Node_06,8,0
3621,402,3,Node_11,8,0
3622,402,4,Node_03+Node_14,10,0
3623,402,5,Node_02+Node_15,10,0
3624,402,6,Node_05+Node_12,10,0
3625,402,7,Node_08+Node_09,10,0
3626,402,8,Node_01+Node_04+Node_13+Node_16,12,0
3627,403,0,Node_07,8,0
3628,403,1,Node_10,8,0
3629,403,2,Node_06,8,0
3630,403,3,Node_11,8,0
3631,403,4,Node_03+Node_14,10,0
3632,403,5,Node_02+Node_15,10,0
3633,403,6,Node_05+Node_12,10,0
3634,403,7,Node_08+Node_09,10,0
3635,403,8,Node_01+Node_04+Node_13+Node_16,12,0
3636,404,0,Node_07,8,0
3637,404,1,Node_10,8,0
3638,404,2,Node_06,8,0
3639,404,3,Node_11,8,0
3640,404,4,Node_03+Node_14,10,0
3641,404,5,Node_02+Node_15,10,0
3642,404,6,Node_05+Node_12,10,0
3643,404,7,Node_08+Node_09,10,0
3644,404,8,Node_01+Node_04+Node_13+Node_16,12,0
3645,405,0,Node_07,8,0
3646,405,1,Node_10,8,0
3647,405,2,Node_06,8,0
3648,405,3,Node_11,8,0
3649,405,4,Node_03+Node_14,10,0
3650,405,5,Node_02+Node_15,10,0
3651,405,6,Node_05+Node_12,10,0
3652,405,7,Node_08+Node_09,10,0
3653,405,8,Node_01+Node_04+Node_13+Node_16,12,0
3654,406,0,Node_07,8,0
3655,406,1,Node_10,8,0
3656,406,2,Node_06,8,0
3657,406,3,Node_11,8,0
3658,406,4,Node_03+Node_14,10,0
3659,406,5,Node_02+Node_15,10,0
3660,406,6,Node_05+Node_12,10,0
3661,406,7,Node_08+Node_09,10,0
3662,406,8,Node_01+Node_04+Node_13+Node_16,12,0
3663,407,0,Node_07,8,0
3664,407,1,Node_10,8,0
3665,407,2,Node_06,8,0
3666,407,3,Node_11,8,0
3667,407,4,Node_03+Node_14,10,0
3668,407,5,Node_02+Node_15,10,0
3669,407,6,Node_05+Node_12,10,0
3670,407,7,Node_08+Node_09,10,0
3671,407,8,Node_01+Node_04+Node_13+Node_16,12,0
3672,408,0,Node_07,8,0
3673,408,1,Node_10,8,0
3674,408,2,Node_06,8,0
3675,408,3,Node_11,8,0
3676,408,4,Node_03+Node_14,10,0
3677,408,5,Node_02+Node_15,10,0
3678,408,6,Node_05+Node_12,10,0
3679,408,7,Node_08+Node_09,10,0
3680,408,8,Node_01+Node_04+Node_13+Node_16,12,0
3681,409,0,Node_07,8,0
3682,409,1,Node_10,8,0
3683,409,2,Node_06,8,0
3684,409,3,Node_11,8,0
3685,409,4,Node_03+Node_14,10,0
3686,409,5,Node_02+Node_15,10,0
3687,409,6,Node_05+Node_12,10,0
3688,409,7,Node_08+Node_09,10,0
3689,409,8,Node_01+Node_04+Node_13+Node_16,12,0
3690,410,0,Node_07,8,0
3691,410,1,Node_10,8,0
3692,410,2,Node_06,8,0
3693,410,3,Node_11,8,0
3694,410,4,Node_03+Node_14,10,0
3695,410,5,Node_02+Node_15,10,0
3696,410,6,Node_05+Node_12,10,0
3697,410,7,Node_08+Node_09,10,0
3698,410,8,Node_01+Node_04+Node_13+Node_16,12,0
3699,411,0,Node_07,8,0
3700,411,1,Node_10,8,0
3701,411,2,Node_06,8,0
3702,411,3,Node_11,8,0
3703,411,4,Node_03+Node_14,10,0
3704,411,5,Node_02+Node_15,10,0
3705,411,6,Node_05+Node_12,10,0
3706,411,7,Node_08+Node_09,10,0
3707,411,8,Node_01+Node_04+Node_13+Node_16,12,0
3708,412,0,Node_07,8,0
3709,412,1,Node_10,8,0
3710,412,2,Node_06,8,0
3711,412,3,Node_11,8,0
3712,412,4,Node_03+Node_14,10,0
3713,412,5,Node_02+Node_15,10,0
3714,412,6,Node_05+Node_12,10,0
3715,412,7,Node_08+Node_09,10,0
3716,412,8,Node_01+Node_04+Node_13+Node_16,12,0
3717,413,0,Node_07,8,0
3718,413,1,Node_10,8,0
3719,413,2,Node_06,8,0
3720,413,3,Node_11,8,0
3721,413,4,Node_03+Node_14,10,0
3722,413,5,Node_02+Node_15,10,0
3723,413,6,Node_05+Node_12,10,0
3724,413,7,Node_08+Node_09,10,0
3725,413,8,Node_01+Node_04+Node_13+Node_16,12,0
3726,414,0,Node_07,8,0
3727,414,1,Node_10,8,0
3728,414,2,Node_06,8,0
3729,414,3,Node_11,8,0
3730,414,4,Node_03+Node_14,10,0
3731,414,5,Node_02+Node_15,10,0
3732,414,6,Node_05+Node_12,10,0
3733,414,7,Node_08+Node_09,10,0
3734,414,8,Node_01+Node_04+Node_13+Node_16,12,0
3735,415,0,Node_07,8,0
3736,415,1,Node_10,8,0
3737,415,2,Node_06,8,0
3738,415,3,Node_11,8,0
3739,415,4,Node_03+Node_14,10,0
3740,415,5,Node_02+Node_15,10,0
3741,415,6,Node_05+Node_12,10,0
3742,415,7,Node_08+Node_09,10,0
3743,415,8,Node_01+Node_04+Node_13+Node_16,12,0
3744,416,0,Node_07,8,0
3745,416,1,Node_10,8,0
3746,416,2,Node_06,8,0
3747,416,3,Node_11,8,0
3748,416,4,Node_03+Node_14,10,0
3749,416,5,Node_02+Node_15,10,0
3750,416,6,Node_05+Node_12,10,0
3751,416,7,Node_08+Node_09,10,0
3752,416,8,Node_01+Node_04+Node_13+Node_16,12,0
3753,417,0,Node_07,8,0
3754,417,1,Node_10,8,0
3755,417,2,Node_06,8,0
3756,417,3,Node_11,8,0
3757,417,4,Node_03+Node_14,10,0
3758,417,5,Node_02+Node_15,10,0
3759,417,6,Node_05+Node_12,10,0
3760,417,7,Node_08+Node_09,10,0
3761,417,8,Node_01+Node_04+Node_13+Node_16,12,0
3762,418,0,Node_07,8,0
3763,418,1,Node_10,8,0
3764,418,2,Node_06,8,0
3765,418,3,Node_11,8,0
3766,418,4,Node_03+Node_14,10,0
3767,418,5,Node_02+Node_15,10,0
3768,418,6,Node_05+Node_12,10,0
3769,418,7,Node_08+Node_09,10,0
3770,418,8,Node_01+Node_04+Node_13+Node_16,12,0
3771,419,0,Node_07,8,0
3772,419,1,Node_10,8,0
3773,419,2,Node_06,8,0
3774,419,3,Node_11,8,0
3775,419,4,Node_03+Node_14,10,0
3776,419,5,Node_02+Node_15,10,0
3777,419,6,Node_05+Node_12,10,0
3778,419,7,Node_08+Node_09,10,0
3779,419,8,Node_01+Node_04+Node_13+Node_16,12,0
3780,420,0,Node_07,8,0
3781,420,1,Node_10,8,0
3782,420,2,Node_06,8,0
3783,420,3,Node_11,8,0
3784,420,4,Node_03+Node_14,10,0
3785,420,5,Node_02+Node_15,10,0
3786,420,6,Node_05+Node_12,10,0
3787,420,7,Node_08+Node_09,10,0
3788,420,8,Node_01+Node_04+Node_13+Node_16,12,0
3789,421,0,Node_07,8,0
3790,421,1,Node_10,8,0
3791,421,2,Node_06,8,0
3792,421,3,Node_11,8,0
3793,421,4,Node_03+Node_14,10,0
3794,421,5,Node_02+Node_15,10,0
3795,421,6,Node_05+Node_12,10,0
3796,421,7,Node_08+Node_09,10,0
3797,421,8,Node_01+Node_04+Node_13+Node_16,12,0
3798,422,0,Node_07,8,0
3799,422,1,Node_10,8,0
3800,422,2,Node_06,8,0
3801,422,3,Node_11,8,0
3802,422,4,Node_03+Node_14,10,0
3803,422,5,Node_02+Node_15,10,0
3804,422,6,Node_05+Node_12,10,0
3805,422,7,Node_08+Node_09,10,0
3806,422,8,Node_01+Node_04+Node_13+Node_16,12,0
3807,423,0,Node_07,8,0
3808,423,1,Node_10,8,0
3809,423,2,Node_06,8,0
3810,423,3,Node_11,8,0
3811,423,4,Node_03+Node_14,10,0
3812,423,5,Node_02+Node_15,10,0
3813,423,6,Node_05+Node_12,10,0
3814,423,7,Node_08+Node_09,10,0
3815,423,8,Node_01+Node_04+Node_13+Node_16,12,0
3816,424,0,Node_07,8,0
3817,424,1,Node_10,8,0
3818,424,2,Node_06,8,0
3819,424,3,Node_11,8,0
3820,424,4,Node_03+Node_14,10,0
3821,424,5,Node_02+Node_15,10,0
3822,424,6,Node_05+Node_12,10,0
3823,424,7,Node_08+Node_09,10,0
3824,424,8,Node_01+Node_04+Node_13+Node_16,12,0
3825,425,0,Node_07,8,0
3826,425,1,Node_10,8,0
3827,425,2,Node_06,8,0
3828,425,3,Node_11,8,0
3829,425,4,Node_03+Node_14,10,0
3830,425,5,Node_02+Node_15,10,0
3831,425,6,Node_05+Node_12,10,0
3832,425,7,Node_08+Node_09,10,0
3833,425,8,Node_01+Node_04+Node_13+Node_16,12,0
3834,426,0,Node_07,8,0
3835,426,1,Node_10,8,0
3836,426,2,Node_06,8,0
3837,426,3,Node_11,8,0
3838,426,4,Node_03+Node_14,10,0
3839,426,5,Node_02+Node_15,10,0
3840,426,6,Node_05+Node_12,10,0
3841,426,7,Node_08+Node_09,10,0
3842,426,8,Node_01+Node_04+Node_13+Node_16,12,0
3843,427,0,Node_07,8,0
3844,427,1,Node_10,8,0
3845,427,2,Node_06,8,0
3846,427,3,Node_11,8,0
3847,427,4,Node_03+Node_14,10,0
3848,427,5,Node_02+Node_15,10,0
3849,427,6,Node_05+Node_12,10,0
3850,427,7,Node_08+Node_09,10,0
3851,427,8,Node_01+Node_04+Node_13+Node_16,12,0
3852,428,0,Node_07,8,0
3853,428,1,Node_10,8,0
3854,428,2,Node_06,8,0
3855,428,3,Node_11,8,0
3856,428,4,Node_03+Node_14,10,0
3857,428,5,Node_02+Node_15,10,0
3858,428,6,Node_05+Node_12,10,0
3859,428,7,Node_08+Node_09,10,0
3860,428,8,Node_01+Node_04+Node_13+Node_16,12,0
3861,429,0,Node_07,8,0
3862,429,1,Node_10,8,0
3863,429,2,Node_06,8,0
3864,429,3,Node_11,8,0
3865,429,4,Node_03+Node_14,10,0
3866,429,5,Node_02+Node_15,10,0
3867,429,6,Node_05+Node_12,10,0
3868,429,7,Node_08+Node_09,10,0
3869,429,8,Node_01+Node_04+Node_13+Node_16,12,0
3870,430,0,Node_07,8,0
3871,430,1,Node_10,8,0
3872,430,2,Node_06,8,0
3873,430,3,Node_11,8,0
3874,430,4,Node_03+Node_14,10,0
3875,430,5,Node_02+Node_15,10,0
3876,430,6,Node_05+Node_12,10,0
3877,430,7,Node_08+Node_09,10,0
3878,430,8,Node_01+Node_04+Node_13+Node_16,12,0
3879,431,0,Node_07,8,0
3880,431,1,Node_10,8,0
3881,431,2,Node_06,8,0
3882,431,3,Node_11,8,0
3883,431,4,Node_03+Node_14,10,0
3884,431,5,Node_02+Node_15,10,0
3885,431,6,Node_05+Node_12,10,0
3886,431,7,Node_08+Node_09,10,0
3887,431,8,Node_01+Node_04+Node_13+Node_16,12,0
3888,432,0,Node_07,8,0
3889,432,1,Node_10,8,0
3890,432,2,Node_06,8,0
3891,432,3,Node_11,8,0
3892,432,4,Node_03+Node_14,10,0
3893,432,5,Node_02+Node_15,10,0
3894,432,6,Node_05+Node_12,10,0
3895,432,7,Node_08+Node_09,10,0
3896,432,8,Node_01+Node_04+Node_13+Node_16,12,0
3897,433,0,Node_07,8,0
3898,433,1,Node_10,8,0
3899,433,2,Node_06,8,0
3900,433,3,Node_11,8,0
3901,433,4,Node_03+Node_14,10,0
3902,433,5,Node_02+Node_15,10,0
3903,433,6,Node_05+Node_12,10,0
3904,433,7,Node_08+Node_09,10,0
3905,433,8,Node_01+Node_04+Node_13+Node_16,12,0
3906,434,0,Node_07,8,0
3907,434,1,Node_10,8,0
3908,434,2,Node_06,8,0
3909,434,3,Node_11,8,0
3910,434,4,Node_03+Node_14,10,0
3911,434,5,Node_02+Node_15,10,0
3912,434,6,Node_05+Node_12,10,0
3913,434,7,Node_08+Node_09,10,0
3914,434,8,Node_01+Node_04+Node_13+Node_16,12,0
3915,435,0,Node_07,8,0
3916,435,1,Node_10,8,0
3917,435,2,Node_06,8,0
3918,435,3,Node_11,8,0
3919,435,4,Node_03+Node_14,10,0
3920,435,5,Node_02+Node_15,10,0
3921,435,6,Node_05+Node_12,10,0
3922,435,7,Node_08+Node_09,10,0
3923,435,8,Node_01+Node_04+Node_13+Node_16,12,0
3924,436,0,Node_07,8,0
3925,436,1,Node_10,8,0
3926,436,2,Node_06,8,0
3927,436,3,Node_11,8,0
3928,436,4,Node_03+Node_14,10,0
3929,436,5,Node_02+Node_15,10,0
3930,436,6,Node_05+Node_12,10,0
3931,436,7,Node_08+Node_09,10,0
3932,436,8,Node_01+Node_04+Node_13+Node_16,12,0
3933,437,0,Node_07,8,0
3934,437,1,Node_10,8,0
3935,437,2,Node_06,8,0
3936,437,3,Node_11,8,0
3937,437,4,Node_03+Node_14,10,0
3938,437,5,Node_02+Node_15,10,0
3939,437,6,Node_05+Node_12,10,0
3940,437,7,Node_08+Node_09,10,0
3941,437,8,Node_01+Node_04+Node_13+Node_16,12,0
3942,438,0,Node_07,8,0
3943,438,1,Node_10,8,0
3944,438,2,Node_06,8,0
3945,438,3,Node_11,8,0
3946,438,4,Node_03+Node_14,10,0
3947,438,5,Node_02+Node_15,10,0
3948,438,6,Node_05+Node_12,10,0
3949,438,7,Node_08+Node_09,10,0
3950,438,8,Node_01+Node_04+Node_13+Node_16,12,0
3951,439,0,Node_07,8,0
3952,439,1,Node_10,8,0
3953,439,2,Node_06,8,0
3954,439,3,Node_11,8,0
3955,439,4,Node_03+Node_14,10,0
3956,439,5,Node_02+Node_15,10,0
3957,439,6,Node_05+Node_12,10,0
3958,439,7,Node_08+Node_09,10,0
3959,439,8,Node_01+Node_04+Node_13+Node_16,12,0
3960,440,0,Node_07,8,0
3961,440,1,Node_10,8,0
3962,440,2,Node_06,8,0
3963,440,3,Node_11,8,0
3964,440,4,Node_03+Node_14,10,0
3965,440,5,Node_02+Node_15,10,0
3966,440,6,Node_05+Node_12,10,0
3967,440,7,Node_08+Node_09,10,0
3968,440,8,Node_01+Node_04+Node_13+Node_16,12,0
3969,441,0,Node_07,8,0
3970,441,1,Node_10,8,0
3971,441,2,Node_06,8,0
3972,441,3,Node_11,8,0
3973,441,4,Node_03+Node_14,10,0
3974,441,5,Node_02+Node_15,10,0
3975,441,6,Node_05+Node_12,10,0
3976,441,7,Node_08+Node_09,10,0
3977,441,8,Node_01+Node_04+Node_13+Node_16,12,0
3978,442,0,Node_07,8,0
3979,442,1,Node_10,8,0
3980,442,2,Node_06,8,0
3981,442,3,Node_11,8,0
3982,442,4,Node_03+Node_14,10,0
3983,442,5,Node_02+Node_15,10,0
3984,442,6,Node_05+Node_12,10,0
3985,442,7,Node_08+Node_09,10,0
3986,442,8,Node_01+Node_04+Node_13+Node_16,12,0
3987,443,0,Node_07,8,0
3988,443,1,Node_10,8,0
3989,443,2,Node_06,8,0
3990,443,3,Node_11,8,0
3991,443,4,Node_03+Node_14,10,0
3992,443,5,Node_02+Node_15,10,0
3993,443,6,Node_05+Node_12,10,0
3994,443,7,Node_08+Node_09,10,0
3995,443,8,Node_01+Node_04+Node_13+Node_16,12,0
3996,444,0,Node_07,8,0
3997,444,1,Node_10,8,0
3998,444,2,Node_06,8,0
3999,444,3,Node_11,8,0
4000,444,4,Node_03+Node_14,10,0
4001,444,5,Node_02+Node_15,10,0
4002,444,6,Node_05+Node_12,10,0
4003,444,7,Node_08+Node_09,10,0
4004,444,8,Node_01+Node_04+Node_13+Node_16,12,0
4005,445,0,Node_07,8,0
4006,445,1,Node_10,8,0
4007,445,2,Node_06,8,0
4008,445,3,Node_11,8,0
4009,445,4,Node_03+Node_14,10,0
4010,445,5,Node_02+Node_15,10,0
4011,445,6,Node_05+Node_12,10,0
4012,445,7,Node_08+Node_09,10,0
4013,445,8,Node_01+Node_04+Node_13+Node_16,12,0
4014,446,0,Node_07,8,0
4015,446,1,Node_10,8,0
4016,446,2,Node_06,8,0
4017,446,3,Node_11,8,0
4018,446,4,Node_03+Node_14,10,0
4019,446,5,Node_02+Node_15,10,0
4020,446,6,Node_05+Node_12,10,0
4021,446,7,Node_08+Node_09,10,0
4022,446,8,Node_01+Node_04+Node_13+Node_16,12,0
4023,447,0,Node_07,8,0
4024,447,1,Node_10,8,0
4025,447,2,Node_06,8,0
4026,447,3,Node_11,8,0
4027,447,4,Node_03+Node_14,10,0
4028,447,5,Node_02+Node_15,10,0
4029,447,6,Node_05+Node_12,10,0
4030,447,7,Node_08+Node_09,10,0
4031,447,8,Node_01+Node_04+Node_13+Node_16,12,0
4032,448,0,Node_07,8,0
4033,448,1,Node_10,8,0
4034,448,2,Node_06,8,0
4035,448,3,Node_11,8,0
4036,448,4,Node_03+Node_14,10,0
4037,448,5,Node_02+Node_15,10,0
4038,448,6,Node_05+Node_12,10,0
4039,448,7,Node_08+Node_09,10,0
4040,448,8,Node_01+Node_04+Node_13+Node_16,12,0
4041,449,0,Node_07,8,0
4042,449,1,Node_10,8,0
4043,449,2,Node_06,8,0
4044,449,3,Node_11,8,0
4045,449,4,Node_03+Node_14,10,0
4046,449,5,Node_02+Node_15,10,0
4047,449,6,Node_05+Node_12,10,0
4048,449,7,Node_08+Node_09,10,0
4049,449,8,Node_01+Node_04+Node_13+Node_16,12,0
4050,450,0,Node_07,8,0
4051,450,1,Node_10,8,0
4052,450,2,Node_06,8,0
4053,450,3,Node_11,8,0
4054,450,4,Node_03+Node_14,10,0
4055,450,5,Node_02+Node_15,10,0
4056,450,6,Node_05+Node_12,10,0
4057,450,7,Node_08+Node_09,10,0
4058,450,8,Node_01+Node_04+Node_13+Node_16,12,0
4059,451,0,Node_07,8,0
4060,451,1,Node_10,8,0
4061,451,2,Node_06,8,0
4062,451,3,Node_11,8,0
4063,451,4,Node_03+Node_14,10,0
4064,451,5,Node_02+Node_15,10,0
4065,451,6,Node_05+Node_12,10,0
4066,451,7,Node_08+Node_09,10,0
4067,451,8,Node_01+Node_04+Node_13+Node_16,12,0
4068,452,0,Node_07,8,0
4069,452,1,Node_10,8,0
4070,452,2,Node_06,8,0
4071,452,3,Node_11,8,0
4072,452,4,Node_03+Node_14,10,0
4073,452,5,Node_02+Node_15,10,0
4074,452,6,Node_05+Node_12,10,0
4075,452,7,Node_08+Node_09,10,0
4076,452,8,Node_01+Node_04+Node_13+Node_16,12,0
4077,453,0,Node_07,8,0
4078,453,1,Node_10,8,0
4079,453,2,Node_06,8,0
4080,453,3,Node_11,8,0
4081,453,4,Node_03+Node_14,10,0
4082,453,5,Node_02+Node_15,10,0
4083,453,6,Node_05+Node_12,10,0
4084,453,7,Node_08+Node_09,10,0
4085,453,8,Node_01+Node_04+Node_13+Node_16,12,0
4086,454,0,Node_07,8,0
4087,454,1,Node_10,8,0
4088,454,2,Node_06,8,0
4089,454,3,Node_11,8,0
4090,454,4,Node_03+Node_14,10,0
4091,454,5,Node_02+Node_15,10,0
4092,454,6,Node_05+Node_12,10,0
4093,454,7,Node_08+Node_09,10,0
4094,454,8,Node_01+Node_04+Node_13+Node_16,12,0
4095,455,0,Node_07,8,0
4096,455,1,Node_10,8,0
4097,455,2,Node_06,8,0
4098,455,3,Node_11,8,0
4099,455,4,Node_03+Node_14,10,0
4100,455,5,Node_02+Node_15,10,0
4101,455,6,Node_05+Node_12,10,0
4102,455,7,Node_08+Node_09,10,0
4103,455,8,Node_01+Node_04+Node_13+Node_16,12,0
4104,456,0,Node_07,8,0
4105,456,1,Node_10,8,0
4106,456,2,Node_06,8,0
4107,456,3,Node_11,8,0
4108,456,4,Node_03+Node_14,10,0
4109,456,5,Node_02+Node_15,10,0
4110,456,6,Node_05+Node_12,10,0
4111,456,7,Node_08+Node_09,10,0
4112,456,8,Node_01+Node_04+Node_13+Node_16,12,0
4113,457,0,Node_07,8,0
4114,457,1,Node_10,8,0
4115,457,2,Node_06,8,0
4116,457,3,Node_11,8,0
4117,457,4,Node_03+Node_14,10,0
4118,457,5,Node_02+Node_15,10,0
4119,457,6,Node_05+Node_12,10,0
4120,457,7,Node_08+Node_09,10,0
4121,457,8,Node_01+Node_04+Node_13+Node_16,12,0
4122,458,0,Node_07,8,0
4123,458,1,Node_10,8,0
4124,458,2,Node_06,8,0
4125,458,3,Node_11,8,0
4126,458,4,Node_03+Node_14,10,0
4127,458,5,Node_02+Node_15,10,0
4128,458,6,Node_05+Node_12,10,0
4129,458,7,Node_08+Node_09,10,0
4130,458,8,Node_01+Node_04+Node_13+Node_16,12,0
4131,459,0,Node_07,8,0
4132,459,1,Node_10,8,0
4133,459,2,Node_06,8,0
4134,459,3,Node_11,8,0
4135,459,4,Node_03+Node_14,10,0
4136,459,5,Node_02+Node_15,10,0
4137,459,6,Node_05+Node_12,10,0
4138,459,7,Node_08+Node_09,10,0
4139,459,8,Node_01+Node_04+Node_13+Node_16,12,0
4140,460,0,Node_07,8,0
4141,460,1,Node_10,8,0
4142,460,2,Node_06,8,0
4143,460,3,Node_11,8,0
4144,460,4,Node_03+Node_14,10,0
4145,460,5,Node_02+Node_15,10,0
4146,460,6,Node_05+Node_12,10,0
4147,460,7,Node_08+Node_09,10,0
4148,460,8,Node_01+Node_04+Node_13+Node_16,12,0
4149,461,0,Node_07,8,0
4150,461,1,Node_10,8,0
4151,461,2,Node_06,8,0
4152,461,3,Node_11,8,0
4153,461,4,Node_03+Node_14,10,0
4154,461,5,Node_02+Node_15,10,0
4155,461,6,Node_05+Node_12,10,0
4156,461,7,Node_08+Node_09,10,0
4157,461,8,Node_01+Node_04+Node_13+Node_16,12,0
4158,462,0,Node_07,8,0
4159,462,1,Node_10,8,0
4160,462,2,Node_06,8,0
4161,462,3,Node_11,8,0
4162,462,4,Node_03+Node_14,10,0
4163,462,5,Node_02+Node_15,10,0
4164,462,6,Node_05+Node_12,10,0
4165,462,7,Node_08+Node_09,10,0
4166,462,8,Node_01+Node_04+Node_13+Node_16,12,0
4167,463,0,Node_07,8,0
4168,463,1,Node_10,8,0
4169,463,2,Node_06,8,0
4170,463,3,Node_11,8,0
4171,463,4,Node_03+Node_14,10,0
4172,463,5,Node_02+Node_15,10,0
4173,463,6,Node_05+Node_12,10,0
4174,463,7,Node_08+Node_09,10,0
4175,463,8,Node_01+Node_04+Node_13+Node_16,12,0
4176,464,0,Node_07,8,0
4177,464,1,Node_10,8,0
4178,464,2,Node_06,8,0
4179,464,3,Node_11,8,0
4180,464,4,Node_03+Node_14,10,0
4181,464,5,Node_02+Node_15,10,0
4182,464,6,Node_05+Node_12,10,0
4183,464,7,Node_08+Node_09,10,0
4184,464,8,Node_01+Node_04+Node_13+Node_16,12,0
4185,465,0,Node_07,8,0
4186,465,1,Node_10,8,0
4187,465,2,Node_06,8,0
4188,465,3,Node_11,8,0
4189,465,4,Node_03+Node_14,10,0
4190,465,5,Node_02+Node_15,10,0
4191,465,6,Node_05+Node_12,10,0
4192,465,7,Node_08+Node_09,10,0
4193,465,8,Node_01+Node_04+Node_13+Node_16,12,0
4194,466,0,Node_07,8,0
4195,466,1,Node_10,8,0
4196,466,2,Node_06,8,0
4197,466,3,Node_11,8,0
4198,466,4,Node_03+Node_14,10,0
4199,466,5,Node_02+Node_15,10,0
4200,466,6,Node_05+Node_12,10,0
4201,466,7,Node_08+Node_09,10,0
4202,466,8,Node_01+Node_04+Node_13+Node_16,12,0
4203,467,0,Node_07,8,0
4204,467,1,Node_10,8,0
4205,467,2,Node_06,8,0
4206,467,3,Node_11,8,0
4207,467,4,Node_03+Node_14,10,0
4208,467,5,Node_02+Node_15,10,0
4209,467,6,Node_05+Node_12,10,0
4210,467,7,Node_08+Node_09,10,0
4211,467,8,Node_01+Node_04+Node_13+Node_16,12,0
4212,468,0,Node_07,8,0
4213,468,1,Node_10,8,0
4214,468,2,Node_06,8,0
4215,468,3,Node_11,8,0
4216,468,4,Node_03+Node_14,10,0
4217,468,5,Node_02+Node_15,10,0
4218,468,6,Node_05+Node_12,10,0
4219,468,7,Node_08+Node_09,10,0
4220,468,8,Node_01+Node_04+Node_13+Node_16,12,0
4221,469,0,Node_07,8,0
4222,469,1,Node_10,8,0
4223,469,2,Node_06,8,0
4224,469,3,Node_11,8,0
4225,469,4,Node_03+Node_14,10,0
4226,469,5,Node_02+Node_15,10,0
4227,469,6,Node_05+Node_12,10,0
4228,469,7,Node_08+Node_09,10,0
4229,469,8,Node_01+Node_04+Node_13+Node_16,12,0
4230,470,0,Node_07,8,0
4231,470,1,Node_10,8,0
4232,470,2,Node_06,8,0
4233,470,3,Node_11,8,0
4234,470,4,Node_03+Node_14,10,0
4235,470,5,Node_02+Node_15,10,0
4236,470,6,Node_05+Node_12,10,0
4237,470,7,Node_08+Node_09,10,0
4238,470,8,Node_01+Node_04+Node_13+Node_16,12,0
4239,471,0,Node_07,8,0
4240,471,1,Node_10,8,0
4241,471,2,Node_06,8,0
4242,471,3,Node_11,8,0
4243,471,4,Node_03+Node_14,10,0
4244,471,5,Node_02+Node_15,10,0
4245,471,6,Node_05+Node_12,10,0
4246,471,7,Node_08+Node_09,10,0
4247,471,8,Node_01+Node_04+Node_13+Node_16,12,0
4248,472,0,Node_07,8,0
4249,472,1,Node_10,8,0
4250,472,2,Node_06,8,0
4251,472,3,Node_11,8,0
4252,472,4,Node_03+Node_14,10,0
4253,472,5,Node_02+Node_15,10,0
4254,472,6,Node_05+Node_12,10,0
4255,472,7,Node_08+Node_09,10,0
4256,472,8,Node_01+Node_04+Node_13+Node_16,12,0
4257,473,0,Node_07,8,0
4258,473,1,Node_10,8,0
4259,473,2,Node_06,8,0
4260,473,3,Node_11,8,0
4261,473,4,Node_03+Node_14,10,0
4262,473,5,Node_02+Node_15,10,0
4263,473,6,Node_05+Node_12,10,0
4264,473,7,Node_08+Node_09,10,0
4265,473,8,Node_01+Node_04+Node_13+Node_16,12,0
4266,474,0,Node_07,8,0
4267,474,1,Node_10,8,0
4268,474,2,Node_06,8,0
4269,474,3,Node_11,8,0
4270,474,4,Node_03+Node_14,10,0
4271,474,5,Node_02+Node_15,10,0
4272,474,6,Node_05+Node_12,10,0
4273,474,7,Node_08+Node_09,10,0
4274,474,8,Node_01+Node_04+Node_13+Node_16,12,0
4275,475,0,Node_07,8,0
4276,475,1,Node_10,8,0
4277,475,2,Node_06,8,0
4278,475,3,Node_11,8,0
4279,475,4,Node_03+Node_14,10,0
4280,475,5,Node_02+Node_15,10,0
4281,475,6,Node_05+Node_12,10,0
4282,475,7,Node_08+Node_09,10,0
4283,475,8,Node_01+Node_04+Node_13+Node_16,12,0
4284,476,0,Node_07,8,0
4285,476,1,Node_10,8,0
4286,476,2,Node_06,8,0
4287,476,3,Node_11,8,0
4288,476,4,Node_03+Node_14,10,0
4289,476,5,Node_02+Node_15,10,0
4290,476,6,Node_05+Node_12,10,0
4291,476,7,Node_08+Node_09,10,0
4292,476,8,Node_01+Node_04+Node_13+Node_16,12,0
4293,477,0,Node_07,8,0
4294,477,1,Node_10,8,0
4295,477,2,Node_06,8,0
4296,477,3,Node_11,8,0
4297,477,4,Node_03+Node_14,10,0
4298,477,5,Node_02+Node_15,10,0
4299,477,6,Node_05+Node_12,10,0
4300,477,7,Node_08+Node_09,10,0
4301,477,8,Node_01+Node_04+Node_13+Node_16,12,0
4302,478,0,Node_07,8,0
4303,478,1,Node_10,8,0
4304,478,2,Node_06,8,0
4305,478,3,Node_11,8,0
4306,478,4,Node_03+Node_14,10,0
4307,478,5,Node_02+Node_15,10,0
4308,478,6,Node_05+Node_12,10,0
4309,478,7,Node_08+Node_09,10,0
4310,478,8,Node_01+Node_04+Node_13+Node_16,12,0
4311,479,0,Node_07,8,0
4312,479,1,Node_10,8,0
4313,479,2,Node_06,8,0
4314,479,3,Node_11,8,0
4315,479,4,Node_03+Node_14,10,0
4316,479,5,Node_02+Node_15,10,0
4317,479,6,Node_05+Node_12,10,0
4318,479,7,Node_08+Node_09,10,0
4319,479,8,Node_01+Node_04+Node_13+Node_16,12,0
4320,480,0,Node_07,8,0
4321,480,1,Node_10,8,0
4322,480,2,Node_06,8,0
4323,480,3,Node_11,8,0
4324,480,4,Node_03+Node_14,10,0
4325,480,5,Node_02+Node_15,10,0
4326,480,6,Node_05+Node_12,10,0
4327,480,7,Node_08+Node_09,10,0
4328,480,8,Node_01+Node_04+Node_13+Node_16,12,0
4329,481,0,Node_07,8,0
4330,481,1,Node_10,8,0
4331,481,2,Node_06,8,0
4332,481,3,Node_11,8,0
4333,481,4,Node_03+Node_14,10,0
4334,481,5,Node_02+Node_15,10,0
4335,481,6,Node_05+Node_12,10,0
4336,481,7,Node_08+Node_09,10,0
4337,481,8,Node_01+Node_04+Node_13+Node_16,12,0
4338,482,0,Node_07,8,0
4339,482,1,Node_10,8,0
4340,482,2,Node_06,8,0
4341,482,3,Node_11,8,0
4342,482,4,Node_03+Node_14,10,0
4343,482,5,Node_02+Node_15,10,0
4344,482,6,Node_05+Node_12,10,0
4345,482,7,Node_08+Node_09,10,0
4346,482,8,Node_01+Node_04+Node_13+Node_16,12,0
4347,483,0,Node_07,8,0
4348,483,1,Node_10,8,0
4349,483,2,Node_06,8,0
4350,483,3,Node_11,8,0
4351,483,4,Node_03+Node_14,10,0
4352,483,5,Node_02+Node_15,10,0
4353,483,6,Node_05+Node_12,10,0
4354,483,7,Node_08+Node_09,10,0
4355,483,8,Node_01+Node_04+Node_13+Node_16,12,0
4356,484,0,Node_07,8,0
4357,484,1,Node_10,8,0
4358,484,2,Node_06,8,0
4359,484,3,Node_11,8,0
4360,484,4,Node_03+Node_14,10,0
4361,484,5,Node_02+Node_15,10,0
4362,484,6,Node_05+Node_12,10,0
4363,484,7,Node_08+Node_09,10,0
4364,484,8,Node_01+Node_04+Node_13+Node_16,12,0
4365,485,0,Node_07,8,0
4366,485,1,Node_10,8,0
4367,485,2,Node_06,8,0
4368,485,3,Node_11,8,0
4369,485,4,Node_03+Node_14,10,0
4370,485,5,Node_02+Node_15,10,0
4371,485,6,Node_05+Node_12,10,0
4372,485,7,Node_08+Node_09,10,0
4373,485,8,Node_01+Node_04+Node_13+Node_16,12,0
4374,486,0,Node_07,8,0
4375,486,1,Node_10,8,0
4376,486,2,Node_06,8,0
4377,486,3,Node_11,8,0
4378,486,4,Node_03+Node_14,10,0
4379,486,5,Node_02+Node_15,10,0
4380,486,6,Node_05+Node_12,10,0
4381,486,7,Node_08+Node_09,10,0
4382,486,8,Node_01+Node_04+Node_13+Node_16,12,0
4383,487,0,Node_07,8,0
4384,487,1,Node_10,8,0
4385,487,2,Node_06,8,0
4386,487,3,Node_11,8,0
4387,487,4,Node_03+Node_14,10,0
4388,487,5,Node_02+Node_15,10,0
4389,487,6,Node_05+Node_12,10,0
4390,487,7,Node_08+Node_09,10,0
4391,487,8,Node_01+Node_04+Node_13+Node_16,12,0
4392,488,0,Node_07,8,0
4393,488,1,Node_10,8,0
4394,488,2,Node_06,8,0
4395,488,3,Node_11,8,0
4396,488,4,Node_03+Node_14,10,0
4397,488,5,Node_02+Node_15,10,0
4398,488,6,Node_05+Node_12,10,0
4399,488,7,Node_08+Node_09,10,0
4400,488,8,Node_01+Node_04+Node_13+Node_16,12,0
4401,489,0,Node_07,8,0
4402,489,1,Node_10,8,0
4403,489,2,Node_06,8,0
4404,489,3,Node_11,8,0
4405,489,4,Node_03+Node_14,10,0
4406,489,5,Node_02+Node_15,10,0
4407,489,6,Node_05+Node_12,10,0
4408,489,7,Node_08+Node_09,10,0
4409,489,8,Node_01+Node_04+Node_13+Node_16,12,0
4410,490,0,Node_07,8,0
4411,490,1,Node_10,8,0
4412,490,2,Node_06,8,0
4413,490,3,Node_11,8,0
4414,490,4,Node_03+Node_14,10,0
4415,490,5,Node_02+Node_15,10,0
4416,490,6,Node_05+Node_12,10,0
4417,490,7,Node_08+Node_09,10,0
4418,490,8,Node_01+Node_04+Node_13+Node_16,12,0
4419,491,0,Node_07,8,0
4420,491,1,Node_10,8,0
4421,491,2,Node_06,8,0
4422,491,3,Node_11,8,0
4423,491,4,Node_03+Node_14,10,0
4424,491,5,Node_02+Node_15,10,0
4425,491,6,Node_05+Node_12,10,0
4426,491,7,Node_08+Node_09,10,0
4427,491,8,Node_01+Node_04+Node_13+Node_16,12,0
4428,492,0,Node_07,8,0
4429,492,1,Node_10,8,0
4430,492,2,Node_06,8,0
4431,492,3,Node_11,8,0
4432,492,4,Node_03+Node_14,10,0
4433,492,5,Node_02+Node_15,10,0
4434,492,6,Node_05+Node_12,10,0
4435,492,7,Node_08+Node_09,10,0
4436,492,8,Node_01+Node_04+Node_13+Node_16,12,0
4437,493,0,Node_07,8,0
4438,493,1,Node_10,8,0
4439,493,2,Node_06,8,0
4440,493,3,Node_11,8,0
4441,493,4,Node_03+Node_14,10,0
4442,493,5,Node_02+Node_15,10,0
4443,493,6,Node_05+Node_12,10,0
4444,493,7,Node_08+Node_09,10,0
4445,493,8,Node_01+Node_04+Node_13+Node_16,12,0
4446,494,0,Node_07,8,0
4447,494,1,Node_10,8,0
4448,494,2,Node_06,8,0
4449,494,3,Node_11,8,0
4450,494,4,Node_03+Node_14,10,0
4451,494,5,Node_02+Node_15,10,0
4452,494,6,Node_05+Node_12,10,0
4453,494,7,Node_08+Node_09,10,0
4454,494,8,Node_01+Node_04+Node_13+Node_16,12,0
4455,495,0,Node_07,8,0
4456,495,1,Node_10,8,0
4457,495,2,Node_06,8,0
4458,495,3,Node_11,8,0
4459,495,4,Node_03+Node_14,10,0
4460,495,5,Node_02+Node_15,10,0
4461,495,6,Node_05+Node_12,10,0
4462,495,7,Node_08+Node_09,10,0
4463,495,8,Node_01+Node_04+Node_13+Node_16,12,0
4464,496,0,Node_07,8,0
4465,496,1,Node_10,8,0
4466,496,2,Node_06,8,0
4467,496,3,Node_11,8,0
4468,496,4,Node_03+Node_14,10,0
4469,496,5,Node_02+Node_15,10,0
4470,496,6,Node_05+Node_12,10,0
4471,496,7,Node_08+Node_09,10,0
4472,496,8,Node_01+Node_04+Node_13+Node_16,12,0
4473,497,0,Node_07,8,0
4474,497,1,Node_10,8,0
4475,497,2,Node_06,8,0
4476,497,3,Node_11,8,0
4477,497,4,Node_03+Node_14,10,0
4478,497,5,Node_02+Node_15,10,0
4479,497,6,Node_05+Node_12,10,0
4480,497,7,Node_08+Node_09,10,0
4481,497,8,Node_01+Node_04+Node_13+Node_16,12,0
4482,498,0,Node_07,8,0
4483,498,1,Node_10,8,0
4484,498,2,Node_06,8,0
4485,498,3,Node_11,8,0
4486,498,4,Node_03+Node_14,10,0
4487,498,5,Node_02+Node_15,10,0
4488,498,6,Node_05+Node_12,10,0
4489,498,7,Node_08+Node_09,10,0
4490,498,8,Node_01+Node_04+Node_13+Node_16,12,0
4491,499,0,Node_07,8,0
4492,499,1,Node_10,8,0
4493,499,2,Node_06,8,0
4494,499,3,Node_11,8,0
4495,499,4,Node_03+Node_14,10,0
4496,499,5,Node_02+Node_15,10,0
4497,499,6,Node_05+Node_12,10,0
4498,499,7,Node_08+Node_09,10,0
4499,499,8,Node_01+Node_04+Node_13+Node_16,12,0
4500,500,0,Node_07,8,0
4501,500,1,Node_10,8,0
4502,500,2,Node_06,8,0
4503,500,3,Node_11,8,0
4504,500,4,Node_03+Node_14,10,0
4505,500,5,Node_02+Node_15,10,0
4506,500,6,Node_05+Node_12,10,0
4507,500,7,Node_08+Node_09,10,0
4508,500,8,Node_01+Node_04+Node_13+Node_16,12,0
4509,501,0,Node_07,8,0
4510,501,1,Node_10,8,0
4511,501,2,Node_06,8,0
4512,501,3,Node_11,8,0
4513,501,4,Node_03+Node_14,10,0
4514,501,5,Node_02+Node_15,10,0
4515,501,6,Node_05+Node_12,10,0
4516,501,7,Node_08+Node_09,10,0
4517,501,8,Node_01+Node_04+Node_13+Node_16,12,0
4518,502,0,Node_07,8,0
4519,502,1,Node_10,8,0
4520,502,2,Node_06,8,0
4521,502,3,Node_11,8,0
4522,502,4,Node_03+Node_14,10,0
4523,502,5,Node_02+Node_15,10,0
4524,502,6,Node_05+Node_12,10,0
4525,502,7,Node_08+Node_09,10,0
4526,502,8,Node_01+Node_04+Node_13+Node_16,12,0
4527,503,0,Node_07,8,0
4528,503,1,Node_10,8,0
4529,503,2,Node_06,8,0
4530,503,3,Node_11,8,0
4531,503,4,Node_03+Node_14,10,0
4532,503,5,Node_02+Node_15,10,0
4533,503,6,Node_05+Node_12,10,0
4534,503,7,Node_08+Node_09,10,0
4535,503,8,Node_01+Node_04+Node_13+Node_16,12,0
4536,504,0,Node_07,8,0
4537,504,1,Node_10,8,0
4538,504,2,Node_06,8,0
4539,504,3,Node_11,8,0
4540,504,4,Node_03+Node_14,10,0
4541,504,5,Node_02+Node_15,10,0
4542,504,6,Node_05+Node_12,10,0
4543,504,7,Node_08+Node_09,10,0
4544,504,8,Node_01+Node_04+Node_13+Node_16,12,0
4545,505,0,Node_07,8,0
4546,505,1,Node_10,8,0
4547,505,2,Node_06,8,0
4548,505,3,Node_11,8,0
4549,505,4,Node_03+Node_14,10,0
4550,505,5,Node_02+Node_15,10,0
4551,505,6,Node_05+Node_12,10,0
4552,505,7,Node_08+Node_09,10,0
4553,505,8,Node_01+Node_04+Node_13+Node_16,12,0
4554,506,0,Node_07,8,0
4555,506,1,Node_10,8,0
4556,506,2,Node_06,8,0
4557,506,3,Node_11,8,0
4558,506,4,Node_03+Node_14,10,0
4559,506,5,Node_02+Node_15,10,0
4560,506,6,Node_05+Node_12,10,0
4561,506,7,Node_08+Node_09,10,0
4562,506,8,Node_01+Node_04+Node_13+Node_16,12,0
4563,507,0,Node_07,8,0
4564,507,1,Node_10,8,0
4565,507,2,Node_06,8,0
4566,507,3,Node_11,8,0
4567,507,4,Node_03+Node_14,10,0
4568,507,5,Node_02+Node_15,10,0
4569,507,6,Node_05+Node_12,10,0
4570,507,7,Node_08+Node_09,10,0
4571,507,8,Node_01+Node_04+Node_13+Node_16,12,0
4572,508,0,Node_07,8,0
4573,508,1,Node_10,8,0
4574,508,2,Node_06,8,0
4575,508,3,Node_11,8,0
4576,508,4,Node_03+Node_14,10,0
4577,508,5,Node_02+Node_15,10,0
4578,508,6,Node_05+Node_12,10,0
4579,508,7,Node_08+Node_09,10,0
4580,508,8,Node_01+Node_04+Node_13+Node_16,12,0
4581,509,0,Node_07,8,0
4582,509,1,Node_10,8,0
4583,509,2,Node_06,8,0
4584,509,3,Node_11,8,0
4585,509,4,Node_03+Node_14,10,0
4586,509,5,Node_02+Node_15,10,0
4587,509,6,Node_05+Node_12,10,0
4588,509,7,Node_08+Node_09,10,0
4589,509,8,Node_01+Node_04+Node_13+Node_16,12,0
4590,510,0,Node_07,8,0
4591,510,1,Node_10,8,0
4592,510,2,Node_06,8,0
4593,510,3,Node_11,8,0
4594,510,4,Node_03+Node_14,10,0
4595,510,5,Node_02+Node_15,10,0
4596,510,6,Node_05+Node_12,10,0
4597,510,7,Node_08+Node_09,10,0
4598,510,8,Node_01+Node_04+Node_13+Node_16,12,0
4599,511,0,Node_07,8,0
4600,511,1,Node_10,8,0
4601,511,2,Node_06,8,0
4602,511,3,Node_11,8,0
4603,511,4,Node_03+Node_14,10,0
4604,511,5,Node_02+Node_15,10,0
4605,511,6,Node_05+Node_12,10,0
4606,511,7,Node_08+Node_09,10,0
4607,511,8,Node_01+Node_04+Node_13+Node_16,12,0
4608,512,0,Node_07,8,0
4609,512,1,Node_10,8,0
4610,512,2,Node_06,8,0
4611,512,3,Node_11,8,0
4612,512,4,Node_03+Node_14,10,0
4613,512,5,Node_02+Node_15,10,0
4614,512,6,Node_05+Node_12,10,0
4615,512,7,Node_08+Node_09,10,0
4616,512,8,Node_01+Node_04+Node_13+Node_16,12,0
4617,513,0,Node_07,8,0
4618,513,1,Node_10,8,0
4619,513,2,Node_06,8,0
4620,513,3,Node_11,8,0
4621,513,4,Node_03+Node_14,10,0
4622,513,5,Node_02+Node_15,10,0
4623,513,6,Node_05+Node_12,10,0
4624,513,7,Node_08+Node_09,10,0
4625,513,8,Node_01+Node_04+Node_13+Node_16,12,0
4626,514,0,Node_07,8,0
4627,514,1,Node_10,8,0
4628,514,2,Node_06,8,0
4629,514,3,Node_11,8,0
4630,514,4,Node_03+Node_14,10,0
4631,514,5,Node_02+Node_15,10,0
4632,514,6,Node_05+Node_12,10,0
4633,514,7,Node_08+Node_09,10,0
4634,514,8,Node_01+Node_04+Node_13+Node_16,12,0
4635,515,0,Node_07,8,0
4636,515,1,Node_10,8,0
4637,515,2,Node_06,8,0
4638,515,3,Node_11,8,0
4639,515,4,Node_03+Node_14,10,0
4640,515,5,Node_02+Node_15,10,0
4641,515,6,Node_05+Node_12,10,0
4642,515,7,Node_08+Node_09,10,0
4643,515,8,Node_01+Node_04+Node_13+Node_16,12,0
4644,516,0,Node_07,8,0
4645,516,1,Node_10,8,0
4646,516,2,Node_06,8,0
4647,516,3,Node_11,8,0
4648,516,4,Node_03+Node_14,10,0
4649,516,5,Node_02+Node_15,10,0
4650,516,6,Node_05+Node_12,10,0
4651,516,7,Node_08+Node_09,10,0
4652,516,8,Node_01+Node_04+Node_13+Node_16,12,0
4653,517,0,Node_07,8,0
4654,517,1,Node_10,8,0
4655,517,2,Node_06,8,0
4656,517,3,Node_11,8,0
4657,517,4,Node_03+Node_14,10,0
4658,517,5,Node_02+Node_15,10,0
4659,517,6,Node_05+Node_12,10,0
4660,517,7,Node_08+Node_09,10,0
4661,517,8,Node_01+Node_04+Node_13+Node_16,12,0
4662,518,0,Node_07,8,0
4663,518,1,Node_10,8,0
4664,518,2,Node_06,8,0
4665,518,3,Node_11,8,0
4666,518,4,Node_03+Node_14,10,0
4667,518,5,Node_02+Node_15,10,0
4668,518,6,Node_05+Node_12,10,0
4669,518,7,Node_08+Node_09,10,0
4670,518,8,Node_01+Node_04+Node_13+Node_16,12,0
4671,519,0,Node_07,8,0
4672,519,1,Node_10,8,0
4673,519,2,Node_06,8,0
4674,519,3,Node_11,8,0
4675,519,4,Node_03+Node_14,10,0
4676,519,5,Node_02+Node_15,10,0
4677,519,6,Node_05+Node_12,10,0
4678,519,7,Node_08+Node_09,10,0
4679,519,8,Node_01+Node_04+Node_13+Node_16,12,0
4680,520,0,Node_07,8,0
4681,520,1,Node_10,8,0
4682,520,2,Node_06,8,0
4683,520,3,Node_11,8,0
4684,520,4,Node_03+Node_14,10,0
4685,520,5,Node_02+Node_15,10,0
4686,520,6,Node_05+Node_12,10,0
4687,520,7,Node_08+Node_09,10,0
4688,520,8,Node_01+Node_04+Node_13+Node_16,12,0
4689,521,0,Node_07,8,0
4690,521,1,Node_10,8,0
4691,521,2,Node_06,8,0
4692,521,3,Node_11,8,0
4693,521,4,Node_03+Node_14,10,0
4694,521,5,Node_02+Node_15,10,0
4695,521,6,Node_05+Node_12,10,0
4696,521,7,Node_08+Node_09,10,0
4697,521,8,Node_01+Node_04+Node_13+Node_16,12,0
4698,522,0,Node_07,8,0
4699,522,1,Node_10,8,0
4700,522,2,Node_06,8,0
4701,522,3,Node_11,8,0
4702,522,4,Node_03+Node_14,10,0
4703,522,5,Node_02+Node_15,10,0
4704,522,6,Node_05+Node_12,10,0
4705,522,7,Node_08+Node_09,10,0
4706,522,8,Node_01+Node_04+Node_13+Node_16,12,0
4707,523,0,Node_07,8,0
4708,523,1,Node_10,8,0
4709,523,2,Node_06,8,0
4710,523,3,Node_11,8,0
4711,523,4,Node_03+Node_14,10,0
4712,523,5,Node_02+Node_15,10,0
4713,523,6,Node_05+Node_12,10,0
4714,523,7,Node_08+Node_09,10,0
4715,523,8,Node_01+Node_04+Node_13+Node_16,12,0
4716,524,0,Node_07,8,0
4717,524,1,Node_10,8,0
4718,524,2,Node_06,8,0
4719,524,3,Node_11,8,0
4720,524,4,Node_03+Node_14,10,0
4721,524,5,Node_02+Node_15,10,0
4722,524,6,Node_05+Node_12,10,0
4723,524,7,Node_08+Node_09,10,0
4724,524,8,Node_01+Node_04+Node_13+Node_16,12,0
4725,525,0,Node_07,8,0
4726,525,1,Node_10,8,0
4727,525,2,Node_06,8,0
4728,525,3,Node_11,8,0
4729,525,4,Node_03+Node_14,10,0
4730,525,5,Node_02+Node_15,10,0
4731,525,6,Node_05+Node_12,10,0
4732,525,7,Node_08+Node_09,10,0
4733,525,8,Node_01+Node_04+Node_13+Node_16,12,0
4734,526,0,Node_07,8,0
4735,526,1,Node_10,8,0
4736,526,2,Node_06,8,0
4737,526,3,Node_11,8,0
4738,526,4,Node_03+Node_14,10,0
4739,526,5,Node_02+Node_15,10,0
4740,526,6,Node_05+Node_12,10,0
4741,526,7,Node_08+Node_09,10,0
4742,526,8,Node_01+Node_04+Node_13+Node_16,12,0
4743,527,0,Node_07,8,0
4744,527,1,Node_10,8,0
4745,527,2,Node_06,8,0
4746,527,3,Node_11,8,0
4747,527,4,Node_03+Node_14,10,0
4748,527,5,Node_02+Node_15,10,0
4749,527,6,Node_05+Node_12,10,0
4750,527,7,Node_08+Node_09,10,0
4751,527,8,Node_01+Node_04+Node_13+Node_16,12,0
4752,528,0,Node_07,8,0
4753,528,1,Node_10,8,0
4754,528,2,Node_06,8,0
4755,528,3,Node_11,8,0
4756,528,4,Node_03+Node_14,10,0
4757,528,5,Node_02+Node_15,10,0
4758,528,6,Node_05+Node_12,10,0
4759,528,7,Node_08+Node_09,10,0
4760,528,8,Node_01+Node_04+Node_13+Node_16,12,0
4761,529,0,Node_07,8,0
4762,529,1,Node_10,8,0
4763,529,2,Node_06,8,0
4764,529,3,Node_11,8,0
4765,529,4,Node_03+Node_14,10,0
4766,529,5,Node_02+Node_15,10,0
4767,529,6,Node_05+Node_12,10,0
4768,529,7,Node_08+Node_09,10,0
4769,529,8,Node_01+Node_04+Node_13+Node_16,12,0
4770,530,0,Node_07,8,0
4771,530,1,Node_10,8,0
4772,530,2,Node_06,8,0
4773,530,3,Node_11,8,0
4774,530,4,Node_03+Node_14,10,0
4775,530,5,Node_02+Node_15,10,0
4776,530,6,Node_05+Node_12,10,0
4777,530,7,Node_08+Node_09,10,0
4778,530,8,Node_01+Node_04+Node_13+Node_16,12,0
4779,531,0,Node_07,8,0
4780,531,1,Node_10,8,0
4781,531,2,Node_06,8,0
4782,531,3,Node_11,8,0
4783,531,4,Node_03+Node_14,10,0
4784,531,5,Node_02+Node_15,10,0
4785,531,6,Node_05+Node_12,10,0
4786,531,7,Node_08+Node_09,10,0
4787,531,8,Node_01+Node_04+Node_13+Node_16,12,0
4788,532,0,Node_07,8,0
4789,532,1,Node_10,8,0
4790,532,2,Node_06,8,0
4791,532,3,Node_11,8,0
4792,532,4,Node_03+Node_14,10,0
4793,532,5,Node_02+Node_15,10,0
4794,532,6,Node_05+Node_12,10,0
4795,532,7,Node_08+Node_09,10,0
4796,532,8,Node_01+Node_04+Node_13+Node_16,12,0
4797,533,0,Node_07,8,0
4798,533,1,Node_10,8,0
4799,533,2,Node_06,8,0
4800,533,3,Node_11,8,0
4801,533,4,Node_03+Node_14,10,0
4802,533,5,Node_02+Node_15,10,0
4803,533,6,Node_05+Node_12,10,0
4804,533,7,Node_08+Node_09,10,0
4805,533,8,Node_01+Node_04+Node_13+Node_16,12,0
4806,534,0,Node_07,8,0
4807,534,1,Node_10,8,0
4808,534,2,Node_06,8,0
4809,534,3,Node_11,8,0
4810,534,4,Node_03+Node_14,10,0
4811,534,5,Node_02+Node_15,10,0
4812,534,6,Node_05+Node_12,10,0
4813,534,7,Node_08+Node_09,10,0
4814,534,8,Node_01+Node_04+Node_13+Node_16,12,0
4815,535,0,Node_07,8,0
4816,535,1,Node_10,8,0
4817,535,2,Node_06,8,0
4818,535,3,Node_11,8,0
4819,535,4,Node_03+Node_14,10,0
4820,535,5,Node_02+Node_15,10,0
4821,535,6,Node_05+Node_12,10,0
4822,535,7,Node_08+Node_09,10,0
4823,535,8,Node_01+Node_04+Node_13+Node_16,12,0
4824,536,0,Node_07,8,0
4825,536,1,Node_10,8,0
4826,536,2,Node_06,8,0
4827,536,3,Node_11,8,0
4828,536,4,Node_03+Node_14,10,0
4829,536,5,Node_02+Node_15,10,0
4830,536,6,Node_05+Node_12,10,0
4831,536,7,Node_08+Node_09,10,0
4832,536,8,Node_01+Node_04+Node_13+Node_16,12,0
4833,537,0,Node_07,8,0
4834,537,1,Node_10,8,0
4835,537,2,Node_06,8,0
4836,537,3,Node_11,8,0
4837,537,4,Node_03+Node_14,10,0
4838,537,5,Node_02+Node_15,10,0
4839,537,6,Node_05+Node_12,10,0
4840,537,7,Node_08+Node_09,10,0
4841,537,8,Node_01+Node_04+Node_13+Node_16,12,0
4842,538,0,Node_07,8,0
4843,538,1,Node_10,8,0
4844,538,2,Node_06,8,0
4845,538,3,Node_11,8,0
4846,538,4,Node_03+Node_14,10,0
4847,538,5,Node_02+Node_15,10,0
4848,538,6,Node_05+Node_12,10,0
4849,538,7,Node_08+Node_09,10,0
4850,538,8,Node_01+Node_04+Node_13+Node_16,12,0
4851,539,0,Node_07,8,0
4852,539,1,Node_10,8,0
4853,539,2,Node_06,8,0
4854,539,3,Node_11,8,0
4855,539,4,Node_03+Node_14,10,0
4856,539,5,Node_02+Node_15,10,0
4857,539,6,Node_05+Node_12,10,0
4858,539,7,Node_08+Node_09,10,0
4859,539,8,Node_01+Node_04+Node_13+Node_16,12,0
4860,540,0,Node_07,8,0
4861,540,1,Node_10,8,0
4862,540,2,Node_06,8,0
4863,540,3,Node_11,8,0
4864,540,4,Node_03+Node_14,10,0
4865,540,5,Node_02+Node_15,10,0
4866,540,6,Node_05+Node_12,10,0
4867,540,7,Node_08+Node_09,10,0
4868,540,8,Node_01+Node_04+Node_13+Node_16,12,0
4869,541,0,Node_07,8,0
4870,541,1,Node_10,8,0
4871,541,2,Node_06,8,0
4872,541,3,Node_11,8,0
4873,541,4,Node_03+Node_14,10,0
4874,541,5,Node_02+Node_15,10,0
4875,541,6,Node_05+Node_12,10,0
4876,541,7,Node_08+Node_09,10,0
4877,541,8,Node_01+Node_04+Node_13+Node_16,12,0
4878,542,0,Node_07,8,0
4879,542,1,Node_10,8,0
4880,542,2,Node_06,8,0
4881,542,3,Node_11,8,0
4882,542,4,Node_03+Node_14,10,0
4883,542,5,Node_02+Node_15,10,0
4884,542,6,Node_05+Node_12,10,0
4885,542,7,Node_08+Node_09,10,0
4886,542,8,Node_01+Node_04+Node_13+Node_16,12,0
4887,543,0,Node_07,8,0
4888,543,1,Node_10,8,0
4889,543,2,Node_06,8,0
4890,543,3,Node_11,8,0
4891,543,4,Node_03+Node_14,10,0
4892,543,5,Node_02+Node_15,10,0
4893,543,6,Node_05+Node_12,10,0
4894,543,7,Node_08+Node_09,10,0
4895,543,8,Node_01+Node_04+Node_13+Node_16,12,0
4896,544,0,Node_07,8,0
4897,544,1,Node_10,8,0
4898,544,2,Node_06,8,0
4899,544,3,Node_11,8,0
4900,544,4,Node_03+Node_14,10,0
4901,544,5,Node_02+Node_15,10,0
4902,544,6,Node_05+Node_12,10,0
4903,544,7,Node_08+Node_09,10,0
4904,544,8,Node_01+Node_04+Node_13+Node_16,12,0
4905,545,0,Node_07,8,0
4906,545,1,Node_10,8,0
4907,545,2,Node_06,8,0
4908,545,3,Node_11,8,0
4909,545,4,Node_03+Node_14,10,0
4910,545,5,Node_02+Node_15,10,0
4911,545,6,Node_05+Node_12,10,0
4912,545,7,Node_08+Node_09,10,0
4913,545,8,Node_01+Node_04+Node_13+Node_16,12,0
4914,546,0,Node_07,8,0
4915,546,1,Node_10,8,0
4916,546,2,Node_06,8,0
4917,546,3,Node_11,8,0
4918,546,4,Node_03+Node_14,10,0
4919,546,5,Node_02+Node_15,10,0
4920,546,6,Node_05+Node_12,10,0
4921,546,7,Node_08+Node_09,10,0
4922,546,8,Node_01+Node_04+Node_13+Node_16,12,0
4923,547,0,Node_07,8,0
4924,547,1,Node_10,8,0
4925,547,2,Node_06,8,0
4926,547,3,Node_11,8,0
4927,547,4,Node_03+Node_14,10,0
4928,547,5,Node_02+Node_15,10,0
4929,547,6,Node_05+Node_12,10,0
4930,547,7,Node_08+Node_09,10,0
4931,547,8,Node_01+Node_04+Node_13+Node_16,12,0
4932,548,0,Node_07,8,0
4933,548,1,Node_10,8,0
4934,548,2,Node_06,8,0
4935,548,3,Node_11,8,0
4936,548,4,Node_03+Node_14,10,0
4937,548,5,Node_02+Node_15,10,0
4938,548,6,Node_05+Node_12,10,0
4939,548,7,Node_08+Node_09,10,0
4940,548,8,Node_01+Node_04+Node_13+Node_16,12,0
4941,549,0,Node_07,8,0
4942,549,1,Node_10,8,0
4943,549,2,Node_06,8,0
4944,549,3,Node_11,8,0
4945,549,4,Node_03+Node_14,10,0
4946,549,5,Node_02+Node_15,10,0
4947,549,6,Node_05+Node_12,10,0
4948,549,7,Node_08+Node_09,10,0
4949,549,8,Node_01+Node_04+Node_13+Node_16,12,0
4950,550,0,Node_07,8,0
4951,550,1,Node_10,8,0
4952,550,2,Node_06,8,0
4953,550,3,Node_11,8,0
4954,550,4,Node_03+Node_14,10,0
4955,550,5,Node_02+Node_15,10,0
4956,550,6,Node_05+Node_12,10,0
4957,550,7,Node_08+Node_09,10,0
4958,550,8,Node_01+Node_04+Node_13+Node_16,12,0
4959,551,0,Node_07,8,0
4960,551,1,Node_10,8,0
4961,551,2,Node_06,8,0
4962,551,3,Node_11,8,0
4963,551,4,Node_03+Node_14,10,0
4964,551,5,Node_02+Node_15,10,0
4965,551,6,Node_05+Node_12,10,0
4966,551,7,Node_08+Node_09,10,0
4967,551,8,Node_01+Node_04+Node_13+Node_16,12,0
4968,552,0,Node_07,8,0
4969,552,1,Node_10,8,0
4970,552,2,Node_06,8,0
4971,552,3,Node_11,8,0
4972,552,4,Node_03+Node_14,10,0
4973,552,5,Node_02+Node_15,10,0
4974,552,6,Node_05+Node_12,10,0
4975,552,7,Node_08+Node_09,10,0
4976,552,8,Node_01+Node_04+Node_13+Node_16,12,0
4977,553,0,Node_07,8,0
4978,553,1,Node_10,8,0
4979,553,2,Node_06,8,0
4980,553,3,Node_11,8,0
4981,553,4,Node_03+Node_14,10,0
4982,553,5,Node_02+Node_15,10,0
4983,553,6,Node_05+Node_12,10,0
4984,553,7,Node_08+Node_09,10,0
4985,553,8,Node_01+Node_04+Node_13+Node_16,12,0
4986,554,0,Node_07,8,0
4987,554,1,Node_10,8,0
4988,554,2,Node_06,8,0
4989,554,3,Node_11,8,0
4990,554,4,Node_03+Node_14,10,0
4991,554,5,Node_02+Node_15,10,0
4992,554,6,Node_05+Node_12,10,0
4993,554,7,Node_08+Node_09,10,0
4994,554,8,Node_01+Node_04+Node_13+Node_16,12,0
4995,555,0,Node_07,8,0
4996,555,1,Node_10,8,0
4997,555,2,Node_06,8,0
4998,555,3,Node_11,8,0
4999,555,4,Node_03+Node_14,10,0
5000,555,5,Node_02+Node_15,10,0
5001,555,6,Node_05+Node_12,10,0
5002,555,7,Node_08+Node_09,10,0
5003,555,8,Node_01+Node_04+Node_13+Node_16,12,0
5004,556,0,Node_07,8,0
5005,556,1,Node_10,8,0
5006,556,2,Node_06,8,0
5007,556,3,Node_11,8,0
5008,556,4,Node_03+Node_14,10,0
5009,556,5,Node_02+Node_15,10,0
5010,556,6,Node_05+Node_12,10,0
5011,556,7,Node_08+Node_09,10,0
5012,556,8,Node_01+Node_04+Node_13+Node_16,12,0
5013,557,0,Node_07,8,0
5014,557,1,Node_10,8,0
5015,557,2,Node_06,8,0
5016,557,3,Node_11,8,0
5017,557,4,Node_03+Node_14,10,0
5018,557,5,Node_02+Node_15,10,0
5019,557,6,Node_05+Node_12,10,0
5020,557,7,Node_08+Node_09,10,0
5021,557,8,Node_01+Node_04+Node_13+Node_16,12,0
5022,558,0,Node_07,8,0
5023,558,1,Node_10,8,0
5024,558,2,Node_06,8,0
5025,558,3,Node_11,8,0
5026,558,4,Node_03+Node_14,10,0
5027,558,5,Node_02+Node_15,10,0
5028,558,6,Node_05+Node_12,10,0
5029,558,7,Node_08+Node_09,10,0
5030,558,8,Node_01+Node_04+Node_13+Node_16,12,0
5031,559,0,Node_07,8,0
5032,559,1,Node_10,8,0
5033,559,2,Node_06,8,0
5034,559,3,Node_11,8,0
5035,559,4,Node_03+Node_14,10,0
5036,559,5,Node_02+Node_15,10,0
5037,559,6,Node_05+Node_12,10,0
5038,559,7,Node_08+Node_09,10,0
5039,559,8,Node_01+Node_04+Node_13+Node_16,12,0
5040,560,0,Node_07,8,0
5041,560,1,Node_10,8,0
5042,560,2,Node_06,8,0
5043,560,3,Node_11,8,0
5044,560,4,Node_03+Node_14,10,0
5045,560,5,Node_02+Node_15,10,0
5046,560,6,Node_05+Node_12,10,0
5047,560,7,Node_08+Node_09,10,0
5048,560,8,Node_01+Node_04+Node_13+Node_16,12,0
5049,561,0,Node_07,8,0
5050,561,1,Node_10,8,0
5051,561,2,Node_06,8,0
5052,561,3,Node_11,8,0
5053,561,4,Node_03+Node_14,10,0
5054,561,5,Node_02+Node_15,10,0
5055,561,6,Node_05+Node_12,10,0
5056,561,7,Node_08+Node_09,10,0
5057,561,8,Node_01+Node_04+Node_13+Node_16,12,0
5058,562,0,Node_07,8,0
5059,562,1,Node_10,8,0
5060,562,2,Node_06,8,0
5061,562,3,Node_11,8,0
5062,562,4,Node_03+Node_14,10,0
5063,562,5,Node_02+Node_15,10,0
5064,562,6,Node_05+Node_12,10,0
5065,562,7,Node_08+Node_09,10,0
5066,562,8,Node_01+Node_04+Node_13+Node_16,12,0
5067,563,0,Node_07,8,0
5068,563,1,Node_10,8,0
5069,563,2,Node_06,8,0
5070,563,3,Node_11,8,0
5071,563,4,Node_03+Node_14,10,0
5072,563,5,Node_02+Node_15,10,0
5073,563,6,Node_05+Node_12,10,0
5074,563,7,Node_08+Node_09,10,0
5075,563,8,Node_01+Node_04+Node_13+Node_16,12,0
5076,564,0,Node_07,8,0
5077,564,1,Node_10,8,0
5078,564,2,Node_06,8,0
5079,564,3,Node_11,8,0
5080,564,4,Node_03+Node_14,10,0
5081,564,5,Node_02+Node_15,10,0
5082,564,6,Node_05+Node_12,10,0
5083,564,7,Node_08+Node_09,10,0
5084,564,8,Node_01+Node_04+Node_13+Node_16,12,0
5085,565,0,Node_07,8,0
5086,565,1,Node_10,8,0
5087,565,2,Node_06,8,0
5088,565,3,Node_11,8,0
5089,565,4,Node_03+Node_14,10,0
5090,565,5,Node_02+Node_15,10,0
5091,565,6,Node_05+Node_12,10,0
5092,565,7,Node_08+Node_09,10,0
5093,565,8,Node_01+Node_04+Node_13+Node_16,12,0
5094,566,0,Node_07,8,0
5095,566,1,Node_10,8,0
5096,566,2,Node_06,8,0
5097,566,3,Node_11,8,0
5098,566,4,Node_03+Node_14,10,0
5099,566,5,Node_02+Node_15,10,0
5100,566,6,Node_05+Node_12,10,0
5101,566,7,Node_08+Node_09,10,0
5102,566,8,Node_01+Node_04+Node_13+Node_16,12,0
5103,567,0,Node_07,8,0
5104,567,1,Node_10,8,0
5105,567,2,Node_06,8,0
5106,567,3,Node_11,8,0
5107,567,4,Node_03+Node_14,10,0
5108,567,5,Node_02+Node_15,10,0
5109,567,6,Node_05+Node_12,10,0
5110,567,7,Node_08+Node_09,10,0
5111,567,8,Node_01+Node_04+Node_13+Node_16,12,0
5112,568,0,Node_07,8,0
5113,568,1,Node_10,8,0
5114,568,2,Node_06,8,0
5115,568,3,Node_11,8,0
5116,568,4,Node_03+Node_14,10,0
5117,568,5,Node_02+Node_15,10,0
5118,568,6,Node_05+Node_12,10,0
5119,568,7,Node_08+Node_09,10,0
5120,568,8,Node_01+Node_04+Node_13+Node_16,12,0
5121,569,0,Node_07,8,0
5122,569,1,Node_10,8,0
5123,569,2,Node_06,8,0
5124,569,3,Node_11,8,0
5125,569,4,Node_03+Node_14,10,0
5126,569,5,Node_02+Node_15,10,0
5127,569,6,Node_05+Node_12,10,0
5128,569,7,Node_08+Node_09,10,0
5129,569,8,Node_01+Node_04+Node_13+Node_16,12,0
5130,570,0,Node_07,8,0
5131,570,1,Node_10,8,0
5132,570,2,Node_06,8,0
5133,570,3,Node_11,8,0
5134,570,4,Node_03+Node_14,10,0
5135,570,5,Node_02+Node_15,10,0
5136,570,6,Node_05+Node_12,10,0
5137,570,7,Node_08+Node_09,10,0
5138,570,8,Node_01+Node_04+Node_13+Node_16,12,0
5139,571,0,Node_07,8,0
5140,571,1,Node_10,8,0
5141,571,2,Node_06,8,0
5142,571,3,Node_11,8,0
5143,571,4,Node_03+Node_14,10,0
5144,571,5,Node_02+Node_15,10,0
5145,571,6,Node_05+Node_12,10,0
5146,571,7,Node_08+Node_09,10,0
5147,571,8,Node_01+Node_04+Node_13+Node_16,12,0
5148,572,0,Node_07,8,0
5149,572,1,Node_10,8,0
5150,572,2,Node_06,8,0
5151,572,3,Node_11,8,0
5152,572,4,Node_03+Node_14,10,0
5153,572,5,Node_02+Node_15,10,0
5154,572,6,Node_05+Node_12,10,0
5155,572,7,Node_08+Node_09,10,0
5156,572,8,Node_01+Node_04+Node_13+Node_16,12,0
5157,573,0,Node_07,8,0
5158,573,1,Node_10,8,0
5159,573,2,Node_06,8,0
5160,573,3,Node_11,8,0
5161,573,4,Node_03+Node_14,10,0
5162,573,5,Node_02+Node_15,10,0
5163,573,6,Node_05+Node_12,10,0
5164,573,7,Node_08+Node_09,10,0
5165,573,8,Node_01+Node_04+Node_13+Node_16,12,0
5166,574,0,Node_07,8,0
5167,574,1,Node_10,8,0
5168,574,2,Node_06,8,0
5169,574,3,Node_11,8,0
5170,574,4,Node_03+Node_14,10,0
5171,574,5,Node_02+Node_15,10,0
5172,574,6,Node_05+Node_12,10,0
5173,574,7,Node_08+Node_09,10,0
5174,574,8,Node_01+Node_04+Node_13+Node_16,12,0
5175,575,0,Node_07,8,0
5176,575,1,Node_10,8,0
5177,575,2,Node_06,8,0
5178,575,3,Node_11,8,0
5179,575,4,Node_03+Node_14,10,0
5180,575,5,Node_02+Node_15,10,0
5181,575,6,Node_05+Node_12,10,0
5182,575,7,Node_08+Node_09,10,0
5183,575,8,Node_01+Node_04+Node_13+Node_16,12,0
5184,576,0,Node_07,8,0
5185,576,1,Node_10,8,0
5186,576,2,Node_06,8,0
5187,576,3,Node_11,8,0
5188,576,4,Node_03+Node_14,10,0
5189,576,5,Node_02+Node_15,10,0
5190,576,6,Node_05+Node_12,10,0
5191,576,7,Node_08+Node_09,10,0
5192,576,8,Node_01+Node_04+Node_13+Node_16,12,0
5193,577,0,Node_07,8,0
5194,577,1,Node_10,8,0
5195,577,2,Node_06,8,0
5196,577,3,Node_11,8,0
5197,577,4,Node_03+Node_14,10,0
5198,577,5,Node_02+Node_15,10,0
5199,577,6,Node_05+Node_12,10,0
5200,577,7,Node_08+Node_09,10,0
5201,577,8,Node_01+Node_04+Node_13+Node_16,12,0
5202,578,0,Node_07,8,0
5203,578,1,Node_10,8,0
5204,578,2,Node_06,8,0
5205,578,3,Node_11,8,0
5206,578,4,Node_03+Node_14,10,0
5207,578,5,Node_02+Node_15,10,0
5208,578,6,Node_05+Node_12,10,0
5209,578,7,Node_08+Node_09,10,0
5210,578,8,Node_01+Node_04+Node_13+Node_16,12,0
5211,579,0,Node_07,8,0
5212,579,1,Node_10,8,0
5213,579,2,Node_06,8,0
5214,579,3,Node_11,8,0
5215,579,4,Node_03+Node_14,10,0
5216,579,5,Node_02+Node_15,10,0
5217,579,6,Node_05+Node_12,10,0
5218,579,7,Node_08+Node_09,10,0
5219,579,8,Node_01+Node_04+Node_13+Node_16,12,0
5220,580,0,Node_07,8,0
5221,580,1,Node_10,8,0
5222,580,2,Node_06,8,0
5223,580,3,Node_11,8,0
5224,580,4,Node_03+Node_14,10,0
5225,580,5,Node_02+Node_15,10,0
5226,580,6,Node_05+Node_12,10,0
5227,580,7,Node_08+Node_09,10,0
5228,580,8,Node_01+Node_04+Node_13+Node_16,12,0
5229,581,0,Node_07,8,0
5230,581,1,Node_10,8,0
5231,581,2,Node_06,8,0
5232,581,3,Node_11,8,0
5233,581,4,Node_03+Node_14,10,0
5234,581,5,Node_02+Node_15,10,0
5235,581,6,Node_05+Node_12,10,0
5236,581,7,Node_08+Node_09,10,0
5237,581,8,Node_01+Node_04+Node_13+Node_16,12,0
5238,582,0,Node_07,8,0
5239,582,1,Node_10,8,0
5240,582,2,Node_06,8,0
5241,582,3,Node_11,8,0
5242,582,4,Node_03+Node_14,10,0
5243,582,5,Node_02+Node_15,10,0
5244,582,6,Node_05+Node_12,10,0
5245,582,7,Node_08+Node_09,10,0
5246,582,8,Node_01+Node_04+Node_13+Node_16,12,0
5247,583,0,Node_07,8,0
5248,583,1,Node_10,8,0
5249,583,2,Node_06,8,0
5250,583,3,Node_11,8,0
5251,583,4,Node_03+Node_14,10,0
5252,583,5,Node_02+Node_15,10,0
5253,583,6,Node_05+Node_12,10,0
5254,583,7,Node_08+Node_09,10,0
5255,583,8,Node_01+Node_04+Node_13+Node_16,12,0
5256,584,0,Node_07,8,0
5257,584,1,Node_10,8,0
5258,584,2,Node_06,8,0
5259,584,3,Node_11,8,0
5260,584,4,Node_03+Node_14,10,0
5261,584,5,Node_02+Node_15,10,0
5262,584,6,Node_05+Node_12,10,0
5263,584,7,Node_08+Node_09,10,0
5264,584,8,Node_01+Node_04+Node_13+Node_16,12,0
5265,585,0,Node_07,8,0
5266,585,1,Node_10,8,0
5267,585,2,Node_06,8,0
5268,585,3,Node_11,8,0
5269,585,4,Node_03+Node_14,10,0
5270,585,5,Node_02+Node_15,10,0
5271,585,6,Node_05+Node_12,10,0
5272,585,7,Node_08+Node_09,10,0
5273,585,8,Node_01+Node_04+Node_13+Node_16,12,0
5274,586,0,Node_07,8,0
5275,586,1,Node_10,8,0
5276,586,2,Node_06,8,0
5277,586,3,Node_11,8,0
5278,586,4,Node_03+Node_14,10,0
5279,586,5,Node_02+Node_15,10,0
5280,586,6,Node_05+Node_12,10,0
5281,586,7,Node_08+Node_09,10,0
5282,586,8,Node_01+Node_04+Node_13+Node_16,12,0
5283,587,0,Node_07,8,0
5284,587,1,Node_10,8,0
5285,587,2,Node_06,8,0
5286,587,3,Node_11,8,0
5287,587,4,Node_03+Node_14,10,0
5288,587,5,Node_02+Node_15,10,0
5289,587,6,Node_05+Node_12,10,0
5290,587,7,Node_08+Node_09,10,0
5291,587,8,Node_01+Node_04+Node_13+Node_16,12,0
5292,588,0,Node_07,8,0
5293,588,1,Node_10,8,0
5294,588,2,Node_06,8,0
5295,588,3,Node_11,8,0
5296,588,4,Node_03+Node_14,10,0
5297,588,5,Node_02+Node_15,10,0
5298,588,6,Node_05+Node_12,10,0
5299,588,7,Node_08+Node_09,10,0
5300,588,8,Node_01+Node_04+Node_13+Node_16,12,0
5301,589,0,Node_07,8,0
5302,589,1,Node_10,8,0
5303,589,2,Node_06,8,0
5304,589,3,Node_11,8,0
5305,589,4,Node_03+Node_14,10,0
5306,589,5,Node_02+Node_15,10,0
5307,589,6,Node_05+Node_12,10,0
5308,589,7,Node_08+Node_09,10,0
5309,589,8,Node_01+Node_04+Node_13+Node_16,12,0
5310,590,0,Node_07,8,0
5311,590,1,Node_10,8,0
5312,590,2,Node_06,8,0
5313,590,3,Node_11,8,0
5314,590,4,Node_03+Node_14,10,0
5315,590,5,Node_02+Node_15,10,0
5316,590,6,Node_05+Node_12,10,0
5317,590,7,Node_08+Node_09,10,0
5318,590,8,Node_01+Node_04+Node_13+Node_16,12,0
5319,591,0,Node_07,8,0
5320,591,1,Node_10,8,0
5321,591,2,Node_06,8,0
5322,591,3,Node_11,8,0
5323,591,4,Node_03+Node_14,10,0
5324,591,5,Node_02+Node_15,10,0
5325,591,6,Node_05+Node_12,10,0
5326,591,7,Node_08+Node_09,10,0
5327,591,8,Node_01+Node_04+Node_13+Node_16,12,0
5328,592,0,Node_07,8,0
5329,592,1,Node_10,8,0
5330,592,2,Node_06,8,0
5331,592,3,Node_11,8,0
5332,592,4,Node_03+Node_14,10,0
5333,592,5,Node_02+Node_15,10,0
5334,592,6,Node_05+Node_12,10,0
5335,592,7,Node_08+Node_09,10,0
5336,592,8,Node_01+Node_04+Node_13+Node_16,12,0
5337,593,0,Node_07,8,0
5338,593,1,Node_10,8,0
5339,593,2,Node_06,8,0
5340,593,3,Node_11,8,0
5341,593,4,Node_03+Node_14,10,0
5342,593,5,Node_02+Node_15,10,0
5343,593,6,Node_05+Node_12,10,0
5344,593,7,Node_08+Node_09,10,0
5345,593,8,Node_01+Node_04+Node_13+Node_16,12,0
5346,594,0,Node_07,8,0
5347,594,1,Node_10,8,0
5348,594,2,Node_06,8,0
5349,594,3,Node_11,8,0
5350,594,4,Node_03+Node_14,10,0
5351,594,5,Node_02+Node_15,10,0
5352,594,6,Node_05+Node_12,10,0
5353,594,7,Node_08+Node_09,10,0
5354,594,8,Node_01+Node_04+Node_13+Node_16,12,0
5355,595,0,Node_07,8,0
5356,595,1,Node_10,8,0
5357,595,2,Node_06,8,0
5358,595,3,Node_11,8,0
5359,595,4,Node_03+Node_14,10,0
5360,595,5,Node_02+Node_15,10,0
5361,595,6,Node_05+Node_12,10,0
5362,595,7,Node_08+Node_09,10,0
5363,595,8,Node_01+Node_04+Node_13+Node_16,12,0
5364,596,0,Node_07,8,0
5365,596,1,Node_10,8,0
5366,596,2,Node_06,8,0
5367,596,3,Node_11,8,0
5368,596,4,Node_03+Node_14,10,0
5369,596,5,Node_02+Node_15,10,0
5370,596,6,Node_05+Node_12,10,0
5371,596,7,Node_08+Node_09,10,0
5372,596,8,Node_01+Node_04+Node_13+Node_16,12,0
5373,597,0,Node_07,8,0
5374,597,1,Node_10,8,0
5375,597,2,Node_06,8,0
5376,597,3,Node_11,8,0
5377,597,4,Node_03+Node_14,10,0
5378,597,5,Node_02+Node_15,10,0
5379,597,6,Node_05+Node_12,10,0
5380,597,7,Node_08+Node_09,10,0
5381,597,8,Node_01+Node_04+Node_13+Node_16,12,0
5382,598,0,Node_07,8,0
5383,598,1,Node_10,8,0
5384,598,2,Node_06,8,0
5385,598,3,Node_11,8,0
5386,598,4,Node_03+Node_14,10,0
5387,598,5,Node_02+Node_15,10,0
5388,598,6,Node_05+Node_12,10,0
5389,598,7,Node_08+Node_09,10,0
5390,598,8,Node_01+Node_04+Node_13+Node_16,12,0
5391,599,0,Node_07,8,0
5392,599,1,Node_10,8,0
5393,599,2,Node_06,8,0
5394,599,3,Node_11,8,0
5395,599,4,Node_03+Node_14,10,0
5396,599,5,Node_02+Node_15,10,0
5397,599,6,Node_05+Node_12,10,0
5398,599,7,Node_08+Node_09,10,0
5399,599,8,Node_01+Node_04+Node_13+Node_16,12,0
5400,600,0,Node_07,8,0
5401,600,1,Node_10,8,0
5402,600,2,Node_06,8,0
5403,600,3,Node_11,8,0
5404,600,4,Node_03+Node_14,10,0
5405,600,5,Node_02+Node_15,10,0
5406,600,6,Node_05+Node_12,10,0
5407,600,7,Node_08+Node_09,10,0
5408,600,8,Node_01+Node_04+Node_13+Node_16,12,0
5409,601,0,Node_07,8,0
5410,601,1,Node_10,8,0
5411,601,2,Node_06,8,0
5412,601,3,Node_11,8,0
5413,601,4,Node_03+Node_14,10,0
5414,601,5,Node_02+Node_15,10,0
5415,601,6,Node_05+Node_12,10,0
5416,601,7,Node_08+Node_09,10,0
5417,601,8,Node_01+Node_04+Node_13+Node_16,12,0
5418,602,0,Node_07,8,0
5419,602,1,Node_10,8,0
5420,602,2,Node_06,8,0
5421,602,3,Node_11,8,0
5422,602,4,Node_03+Node_14,10,0
5423,602,5,Node_02+Node_15,10,0
5424,602,6,Node_05+Node_12,10,0
5425,602,7,Node_08+Node_09,10,0
5426,602,8,Node_01+Node_04+Node_13+Node_16,12,0
5427,603,0,Node_07,8,0
5428,603,1,Node_10,8,0
5429,603,2,Node_06,8,0
5430,603,3,Node_11,8,0
5431,603,4,Node_03+Node_14,10,0
5432,603,5,Node_02+Node_15,10,0
5433,603,6,Node_05+Node_12,10,0
5434,603,7,Node_08+Node_09,10,0
5435,603,8,Node_01+Node_04+Node_13+Node_16,12,0
5436,604,0,Node_07,8,0
5437,604,1,Node_10,8,0
5438,604,2,Node_06,8,0
5439,604,3,Node_11,8,0
5440,604,4,Node_03+Node_14,10,0
5441,604,5,Node_02+Node_15,10,0
5442,604,6,Node_05+Node_12,10,0
5443,604,7,Node_08+Node_09,10,0
5444,604,8,Node_01+Node_04+Node_13+Node_16,12,0
5445,605,0,Node_07,8,0
5446,605,1,Node_10,8,0
5447,605,2,Node_06,8,0
5448,605,3,Node_11,8,0
5449,605,4,Node_03+Node_14,10,0
5450,605,5,Node_02+Node_15,10,0
5451,605,6,Node_05+Node_12,10,0
5452,605,7,Node_08+Node_09,10,0
5453,605,8,Node_01+Node_04+Node_13+Node_16,12,0
5454,606,0,Node_07,8,0
5455,606,1,Node_10,8,0
5456,606,2,Node_06,8,0
5457,606,3,Node_11,8,0
5458,606,4,Node_03+Node_14,10,0
5459,606,5,Node_02+Node_15,10,0
5460,606,6,Node_05+Node_12,10,0
5461,606,7,Node_08+Node_09,10,0
5462,606,8,Node_01+Node_04+Node_13+Node_16,12,0
5463,607,0,Node_07,8,0
5464,607,1,Node_10,8,0
5465,607,2,Node_06,8,0
5466,607,3,Node_11,8,0
5467,607,4,Node_03+Node_14,10,0
5468,607,5,Node_02+Node_15,10,0
5469,607,6,Node_05+Node_12,10,0
5470,607,7,Node_08+Node_09,10,0
5471,607,8,Node_01+Node_04+Node_13+Node_16,12,0
5472,608,0,Node_07,8,0
5473,608,1,Node_10,8,0
5474,608,2,Node_06,8,0
5475,608,3,Node_11,8,0
5476,608,4,Node_03+Node_14,10,0
5477,608,5,Node_02+Node_15,10,0
5478,608,6,Node_05+Node_12,10,0
5479,608,7,Node_08+Node_09,10,0
5480,608,8,Node_01+Node_04+Node_13+Node_16,12,0
5481,609,0,Node_07,8,0
5482,609,1,Node_10,8,0
5483,609,2,Node_06,8,0
5484,609,3,Node_11,8,0
5485,609,4,Node_03+Node_14,10,0
5486,609,5,Node_02+Node_15,10,0
5487,609,6,Node_05+Node_12,10,0
5488,609,7,Node_08+Node_09,10,0
5489,609,8,Node_01+Node_04+Node_13+Node_16,12,0
5490,610,0,Node_07,8,0
5491,610,1,Node_10,8,0
5492,610,2,Node_06,8,0
5493,610,3,Node_11,8,0
5494,610,4,Node_03+Node_14,10,0
5495,610,5,Node_02+Node_15,10,0
5496,610,6,Node_05+Node_12,10,0
5497,610,7,Node_08+Node_09,10,0
5498,610,8,Node_01+Node_04+Node_13+Node_16,12,0
5499,611,0,Node_07,8,0
5500,611,1,Node_10,8,0
5501,611,2,Node_06,8,0
5502,611,3,Node_11,8,0
5503,611,4,Node_03+Node_14,10,0
5504,611,5,Node_02+Node_15,10,0
5505,611,6,Node_05+Node_12,10,0
5506,611,7,Node_08+Node_09,10,0
5507,611,8,Node_01+Node_04+Node_13+Node_16,12,0
5508,612,0,Node_07,8,0
5509,612,1,Node_10,8,0
5510,612,2,Node_06,8,0
5511,612,3,Node_11,8,0
5512,612,4,Node_03+Node_14,10,0
5513,612,5,Node_02+Node_15,10,0
5514,612,6,Node_05+Node_12,10,0
5515,612,7,Node_08+Node_09,10,0
5516,612,8,Node_01+Node_04+Node_13+Node_16,12,0
5517,613,0,Node_07,8,0
5518,613,1,Node_10,8,0
5519,613,2,Node_06,8,0
5520,613,3,Node_11,8,0
5521,613,4,Node_03+Node_14,10,0
5522,613,5,Node_02+Node_15,10,0
5523,613,6,Node_05+Node_12,10,0
5524,613,7,Node_08+Node_09,10,0
5525,613,8,Node_01+Node_04+Node_13+Node_16,12,0
5526,614,0,Node_07,8,0
5527,614,1,Node_10,8,0
5528,614,2,Node_06,8,0
5529,614,3,Node_11,8,0
5530,614,4,Node_03+Node_14,10,0
5531,614,5,Node_02+Node_15,10,0
5532,614,6,Node_05+Node_12,10,0
5533,614,7,Node_08+Node_09,10,0
5534,614,8,Node_01+Node_04+Node_13+Node_16,12,0
5535,615,0,Node_07,8,0
5536,615,1,Node_10,8,0
5537,615,2,Node_06,8,0
5538,615,3,Node_11,8,0
5539,615,4,Node_03+Node_14,10,0
5540,615,5,Node_02+Node_15,10,0
5541,615,6,Node_05+Node_12,10,0
5542,615,7,Node_08+Node_09,10,0
5543,615,8,Node_01+Node_04+Node_13+Node_16,12,0
5544,616,0,Node_07,8,0
5545,616,1,Node_10,8,0
5546,616,2,Node_06,8,0
5547,616,3,Node_11,8,0
5548,616,4,Node_03+Node_14,10,0
5549,616,5,Node_02+Node_15,10,0
5550,616,6,Node_05+Node_12,10,0
5551,616,7,Node_08+Node_09,10,0
5552,616,8,Node_01+Node_04+Node_13+Node_16,12,0
5553,617,0,Node_07,8,0
5554,617,1,Node_10,8,0
5555,617,2,Node_06,8,0
5556,617,3,Node_11,8,0
5557,617,4,Node_03+Node_14,10,0
5558,617,5,Node_02+Node_15,10,0
5559,617,6,Node_05+Node_12,10,0
5560,617,7,Node_08+Node_09,10,0
5561,617,8,Node_01+Node_04+Node_13+Node_16,12,0
5562,618,0,Node_07,8,0
5563,618,1,Node_10,8,0
5564,618,2,Node_06,8,0
5565,618,3,Node_11,8,0
5566,618,4,Node_03+Node_14,10,0
5567,618,5,Node_02+Node_15,10,0
5568,618,6,Node_05+Node_12,10,0
5569,618,7,Node_08+Node_09,10,0
5570,618,8,Node_01+Node_04+Node_13+Node_16,12,0
5571,619,0,Node_07,8,0
5572,619,1,Node_10,8,0
5573,619,2,Node_06,8,0
5574,619,3,Node_11,8,0
5575,619,4,Node_03+Node_14,10,0
5576,619,5,Node_02+Node_15,10,0
5577,619,6,Node_05+Node_12,10,0
5578,619,7,Node_08+Node_09,10,0
5579,619,8,Node_01+Node_04+Node_13+Node_16,12,0
5580,620,0,Node_07,8,0
5581,620,1,Node_10,8,0
5582,620,2,Node_06,8,0
5583,620,3,Node_11,8,0
5584,620,4,Node_03+Node_14,10,0
5585,620,5,Node_02+Node_15,10,0
5586,620,6,Node_05+Node_12,10,0
5587,620,7,Node_08+Node_09,10,0
5588,620,8,Node_01+Node_04+Node_13+Node_16,12,0
5589,621,0,Node_07,8,0
5590,621,1,Node_10,8,0
5591,621,2,Node_06,8,0
5592,621,3,Node_11,8,0
5593,621,4,Node_03+Node_14,10,0
5594,621,5,Node_02+Node_15,10,0
5595,621,6,Node_05+Node_12,10,0
5596,621,7,Node_08+Node_09,10,0
5597,621,8,Node_01+Node_04+Node_13+Node_16,12,0
5598,622,0,Node_07,8,0
5599,622,1,Node_10,8,0
5600,622,2,Node_06,8,0
5601,622,3,Node_11,8,0
5602,622,4,Node_03+Node_14,10,0
5603,622,5,Node_02+Node_15,10,0
5604,622,6,Node_05+Node_12,10,0
5605,622,7,Node_08+Node_09,10,0
5606,622,8,Node_01+Node_04+Node_13+Node_16,12,0
5607,623,0,Node_07,8,0
5608,623,1,Node_10,8,0
5609,623,2,Node_06,8,0
5610,623,3,Node_11,8,0
5611,623,4,Node_03+Node_14,10,0
5612,623,5,Node_02+Node_15,10,0
5613,623,6,Node_05+Node_12,10,0
5614,623,7,Node_08+Node_09,10,0
5615,623,8,Node_01+Node_04+Node_13+Node_16,12,0
5616,624,0,Node_07,8,0
5617,624,1,Node_10,8,0
5618,624,2,Node_06,8,0
5619,624,3,Node_11,8,0
5620,624,4,Node_03+Node_14,10,0
5621,624,5,Node_02+Node_15,10,0
5622,624,6,Node_05+Node_12,10,0
5623,624,7,Node_08+Node_09,10,0
5624,624,8,Node_01+Node_04+Node_13+Node_16,12,0
5625,625,0,Node_07,8,0
5626,625,1,Node_10,8,0
5627,625,2,Node_06,8,0
5628,625,3,Node_11,8,0
5629,625,4,Node_03+Node_14,10,0
5630,625,5,Node_02+Node_15,10,0
5631,625,6,Node_05+Node_12,10,0
5632,625,7,Node_08+Node_09,10,0
5633,625,8,Node_01+Node_04+Node_13+Node_16,12,0
5634,626,0,Node_07,8,0
5635,626,1,Node_10,8,0
5636,626,2,Node_06,8,0
5637,626,3,Node_11,8,0
5638,626,4,Node_03+Node_14,10,0
5639,626,5,Node_02+Node_15,10,0
5640,626,6,Node_05+Node_12,10,0
5641,626,7,Node_08+Node_09,10,0
5642,626,8,Node_01+Node_04+Node_13+Node_16,12,0
5643,627,0,Node_07,8,0
5644,627,1,Node_10,8,0
5645,627,2,Node_06,8,0
5646,627,3,Node_11,8,0
5647,627,4,Node_03+Node_14,10,0
5648,627,5,Node_02+Node_15,10,0
5649,627,6,Node_05+Node_12,10,0
5650,627,7,Node_08+Node_09,10,0
5651,627,8,Node_01+Node_04+Node_13+Node_16,12,0
5652,628,0,Node_07,8,0
5653,628,1,Node_10,8,0
5654,628,2,Node_06,8,0
5655,628,3,Node_11,8,0
5656,628,4,Node_03+Node_14,10,0
5657,628,5,Node_02+Node_15,10,0
5658,628,6,Node_05+Node_12,10,0
5659,628,7,Node_08+Node_09,10,0
5660,628,8,Node_01+Node_04+Node_13+Node_16,12,0
5661,629,0,Node_07,8,0
5662,629,1,Node_10,8,0
5663,629,2,Node_06,8,0
5664,629,3,Node_11,8,0
5665,629,4,Node_03+Node_14,10,0
5666,629,5,Node_02+Node_15,10,0
5667,629,6,Node_05+Node_12,10,0
5668,629,7,Node_08+Node_09,10,0
5669,629,8,Node_01+Node_04+Node_13+Node_16,12,0
5670,630,0,Node_07,8,0
5671,630,1,Node_10,8,0
5672,630,2,Node_06,8,0
5673,630,3,Node_11,8,0
5674,630,4,Node_03+Node_14,10,0
5675,630,5,Node_02+Node_15,10,0
5676,630,6,Node_05+Node_12,10,0
5677,630,7,Node_08+Node_09,10,0
5678,630,8,Node_01+Node_04+Node_13+Node_16,12,0
5679,631,0,Node_07,8,0
5680,631,1,Node_10,8,0
5681,631,2,Node_06,8,0
5682,631,3,Node_11,8,0
5683,631,4,Node_03+Node_14,10,0
5684,631,5,Node_02+Node_15,10,0
5685,631,6,Node_05+Node_12,10,0
5686,631,7,Node_08+Node_09,10,0
5687,631,8,Node_01+Node_04+Node_13+Node_16,12,0
5688,632,0,Node_07,8,0
5689,632,1,Node_10,8,0
5690,632,2,Node_06,8,0
5691,632,3,Node_11,8,0
5692,632,4,Node_03+Node_14,10,0
5693,632,5,Node_02+Node_15,10,0
5694,632,6,Node_05+Node_12,10,0
5695,632,7,Node_08+Node_09,10,0
5696,632,8,Node_01+Node_04+Node_13+Node_16,12,0
5697,633,0,Node_07,8,0
5698,633,1,Node_10,8,0
5699,633,2,Node_06,8,0
5700,633,3,Node_11,8,0
5701,633,4,Node_03+Node_14,10,0
5702,633,5,Node_02+Node_15,10,0
5703,633,6,Node_05+Node_12,10,0
5704,633,7,Node_08+Node_09,10,0
5705,633,8,Node_01+Node_04+Node_13+Node_16,12,0
5706,634,0,Node_07,8,0
5707,634,1,Node_10,8,0
5708,634,2,Node_06,8,0
5709,634,3,Node_11,8,0
5710,634,4,Node_03+Node_14,10,0
5711,634,5,Node_02+Node_15,10,0
5712,634,6,Node_05+Node_12,10,0
5713,634,7,Node_08+Node_09,10,0
5714,634,8,Node_01+Node_04+Node_13+Node_16,12,0
5715,635,0,Node_07,8,0
5716,635,1,Node_10,8,0
5717,635,2,Node_06,8,0
5718,635,3,Node_11,8,0
5719,635,4,Node_03+Node_14,10,0
5720,635,5,Node_02+Node_15,10,0
5721,635,6,Node_05+Node_12,10,0
5722,635,7,Node_08+Node_09,10,0
5723,635,8,Node_01+Node_04+Node_13+Node_16,12,0
5724,636,0,Node_07,8,0
5725,636,1,Node_10,8,0
5726,636,2,Node_06,8,0
5727,636,3,Node_11,8,0
5728,636,4,Node_03+Node_14,10,0
5729,636,5,Node_02+Node_15,10,0
5730,636,6,Node_05+Node_12,10,0
5731,636,7,Node_08+Node_09,10,0
5732,636,8,Node_01+Node_04+Node_13+Node_16,12,0
5733,637,0,Node_07,8,0
5734,637,1,Node_10,8,0
5735,637,2,Node_06,8,0
5736,637,3,Node_11,8,0
5737,637,4,Node_03+Node_14,10,0
5738,637,5,Node_02+Node_15,10,0
5739,637,6,Node_05+Node_12,10,0
5740,637,7,Node_08+Node_09,10,0
5741,637,8,Node_01+Node_04+Node_13+Node_16,12,0
5742,638,0,Node_07,8,0
5743,638,1,Node_10,8,0
5744,638,2,Node_06,8,0
5745,638,3,Node_11,8,0
5746,638,4,Node_03+Node_14,10,0
5747,638,5,Node_02+Node_15,10,0
5748,638,6,Node_05+Node_12,10,0
5749,638,7,Node_08+Node_09,10,0
5750,638,8,Node_01+Node_04+Node_13+Node_16,12,0
5751,639,0,Node_07,8,0
5752,639,1,Node_10,8,0
5753,639,2,Node_06,8,0
5754,639,3,Node_11,8,0
5755,639,4,Node_03+Node_14,10,0
5756,639,5,Node_02+Node_15,10,0
5757,639,6,Node_05+Node_12,10,0
5758,639,7,Node_08+Node_09,10,0
5759,639,8,Node_01+Node_04+Node_13+Node_16,12,0
5760,640,0,Node_07,8,0
5761,640,1,Node_10,8,0
5762,640,2,Node_06,8,0
5763,640,3,Node_11,8,0
5764,640,4,Node_03+Node_14,10,0
5765,640,5,Node_02+Node_15,10,0
5766,640,6,Node_05+Node_12,10,0
5767,640,7,Node_08+Node_09,10,0
5768,640,8,Node_01+Node_04+Node_13+Node_16,12,0
5769,641,0,Node_07,8,0
5770,641,1,Node_10,8,0
5771,641,2,Node_06,8,0
5772,641,3,Node_11,8,0
5773,641,4,Node_03+Node_14,10,0
5774,641,5,Node_02+Node_15,10,0
5775,641,6,Node_05+Node_12,10,0
5776,641,7,Node_08+Node_09,10,0
5777,641,8,Node_01+Node_04+Node_13+Node_16,12,0
5778,642,0,Node_07,8,0
5779,642,1,Node_10,8,0
5780,642,2,Node_06,8,0
5781,642,3,Node_11,8,0
5782,642,4,Node_03+Node_14,10,0
5783,642,5,Node_02+Node_15,10,0
5784,642,6,Node_05+Node_12,10,0
5785,642,7,Node_08+Node_09,10,0
5786,642,8,Node_01+Node_04+Node_13+Node_16,12,0
5787,643,0,Node_07,8,0
5788,643,1,Node_10,8,0
5789,643,2,Node_06,8,0
5790,643,3,Node_11,8,0
5791,643,4,Node_03+Node_14,10,0
5792,643,5,Node_02+Node_15,10,0
5793,643,6,Node_05+Node_12,10,0
5794,643,7,Node_08+Node_09,10,0
5795,643,8,Node_01+Node_04+Node_13+Node_16,12,0
5796,644,0,Node_07,8,0
5797,644,1,Node_10,8,0
5798,644,2,Node_06,8,0
5799,644,3,Node_11,8,0
5800,644,4,Node_03+Node_14,10,0
5801,644,5,Node_02+Node_15,10,0
5802,644,6,Node_05+Node_12,10,0
5803,644,7,Node_08+Node_09,10,0
5804,644,8,Node_01+Node_04+Node_13+Node_16,12,0
5805,645,0,Node_07,8,0
5806,645,1,Node_10,8,0
5807,645,2,Node_06,8,0
5808,645,3,Node_11,8,0
5809,645,4,Node_03+Node_14,10,0
5810,645,5,Node_02+Node_15,10,0
5811,645,6,Node_05+Node_12,10,0
5812,645,7,Node_08+Node_09,10,0
5813,645,8,Node_01+Node_04+Node_13+Node_16,12,0
5814,646,0,Node_07,8,0
5815,646,1,Node_10,8,0
5816,646,2,Node_06,8,0
5817,646,3,Node_11,8,0
5818,646,4,Node_03+Node_14,10,0
5819,646,5,Node_02+Node_15,10,0
5820,646,6,Node_05+Node_12,10,0
5821,646,7,Node_08+Node_09,10,0
5822,646,8,Node_01+Node_04+Node_13+Node_16,12,0
5823,647,0,Node_07,8,0
5824,647,1,Node_10,8,0
5825,647,2,Node_06,8,0
5826,647,3,Node_11,8,0
5827,647,4,Node_03+Node_14,10,0
5828,647,5,Node_02+Node_15,10,0
5829,647,6,Node_05+Node_12,10,0
5830,647,7,Node_08+Node_09,10,0
5831,647,8,Node_01+Node_04+Node_13+Node_16,12,0
5832,648,0,Node_07,8,0
5833,648,1,Node_10,8,0
5834,648,2,Node_06,8,0
5835,648,3,Node_11,8,0
5836,648,4,Node_03+Node_14,10,0
5837,648,5,Node_02+Node_15,10,0
5838,648,6,Node_05+Node_12,10,0
5839,648,7,Node_08+Node_09,10,0
5840,648,8,Node_01+Node_04+Node_13+Node_16,12,0
5841,649,0,Node_07,8,0
5842,649,1,Node_10,8,0
5843,649,2,Node_06,8,0
5844,649,3,Node_11,8,0
5845,649,4,Node_03+Node_14,10,0
5846,649,5,Node_02+Node_15,10,0
5847,649,6,Node_05+Node_12,10,0
5848,649,7,Node_08+Node_09,10,0
5849,649,8,Node_01+Node_04+Node_13+Node_16,12,0
5850,650,0,Node_07,8,0
5851,650,1,Node_10,8,0
5852,650,2,Node_06,8,0
5853,650,3,Node_11,8,0
5854,650,4,Node_03+Node_14,10,0
5855,650,5,Node_02+Node_15,10,0
5856,650,6,Node_05+Node_12,10,0
5857,650,7,Node_08+Node_09,10,0
5858,650,8,Node_01+Node_04+Node_13+Node_16,12,0
5859,651,0,Node_07,8,0
5860,651,1,Node_10,8,0
5861,651,2,Node_06,8,0
5862,651,3,Node_11,8,0
5863,651,4,Node_03+Node_14,10,0
5864,651,5,Node_02+Node_15,10,0
5865,651,6,Node_05+Node_12,10,0
5866,651,7,Node_08+Node_09,10,0
5867,651,8,Node_01+Node_04+Node_13+Node_16,12,0
5868,652,0,Node_07,8,0
5869,652,1,Node_10,8,0
5870,652,2,Node_06,8,0
5871,652,3,Node_11,8,0
5872,652,4,Node_03+Node_14,10,0
5873,652,5,Node_02+Node_15,10,0
5874,652,6,Node_05+Node_12,10,0
5875,652,7,Node_08+Node_09,10,0
5876,652,8,Node_01+Node_04+Node_13+Node_16,12,0
5877,653,0,Node_07,8,0
5878,653,1,Node_10,8,0
5879,653,2,Node_06,8,0
5880,653,3,Node_11,8,0
5881,653,4,Node_03+Node_14,10,0
5882,653,5,Node_02+Node_15,10,0
5883,653,6,Node_05+Node_12,10,0
5884,653,7,Node_08+Node_09,10,0
5885,653,8,Node_01+Node_04+Node_13+Node_16,12,0
5886,654,0,Node_07,8,0
5887,654,1,Node_10,8,0
5888,654,2,Node_06,8,0
5889,654,3,Node_11,8,0
5890,654,4,Node_03+Node_14,10,0
5891,654,5,Node_02+Node_15,10,0
5892,654,6,Node_05+Node_12,10,0
5893,654,7,Node_08+Node_09,10,0
5894,654,8,Node_01+Node_04+Node_13+Node_16,12,0
5895,655,0,Node_07,8,0
5896,655,1,Node_10,8,0
5897,655,2,Node_06,8,0
5898,655,3,Node_11,8,0
5899,655,4,Node_03+Node_14,10,0
5900,655,5,Node_02+Node_15,10,0
5901,655,6,Node_05+Node_12,10,0
5902,655,7,Node_08+Node_09,10,0
5903,655,8,Node_01+Node_04+Node_13+Node_16,12,0
5904,656,0,Node_07,8,0
5905,656,1,Node_10,8,0
5906,656,2,Node_06,8,0
5907,656,3,Node_11,8,0
5908,656,4,Node_03+Node_14,10,0
5909,656,5,Node_02+Node_15,10,0
5910,656,6,Node_05+Node_12,10,0
5911,656,7,Node_08+Node_09,10,0
5912,656,8,Node_01+Node_04+Node_13+Node_16,12,0
5913,657,0,Node_07,8,0
5914,657,1,Node_10,8,0
5915,657,2,Node_06,8,0
5916,657,3,Node_11,8,0
5917,657,4,Node_03+Node_14,10,0
5918,657,5,Node_02+Node_15,10,0
5919,657,6,Node_05+Node_12,10,0
5920,657,7,Node_08+Node_09,10,0
5921,657,8,Node_01+Node_04+Node_13+Node_16,12,0
5922,658,0,Node_07,8,0
5923,658,1,Node_10,8,0
5924,658,2,Node_06,8,0
5925,658,3,Node_11,8,0
5926,658,4,Node_03+Node_14,10,0
5927,658,5,Node_02+Node_15,10,0
5928,658,6,Node_05+Node_12,10,0
5929,658,7,Node_08+Node_09,10,0
5930,658,8,Node_01+Node_04+Node_13+Node_16,12,0
5931,659,0,Node_07,8,0
5932,659,1,Node_10,8,0
5933,659,2,Node_06,8,0
5934,659,3,Node_11,8,0
5935,659,4,Node_03+Node_14,10,0
5936,659,5,Node_02+Node_15,10,0
5937,659,6,Node_05+Node_12,10,0
5938,659,7,Node_08+Node_09,10,0
5939,659,8,Node_01+Node_04+Node_13+Node_16,12,0
5940,660,0,Node_07,8,0
5941,660,1,Node_10,8,0
5942,660,2,Node_06,8,0
5943,660,3,Node_11,8,0
5944,660,4,Node_03+Node_14,10,0
5945,660,5,Node_02+Node_15,10,0
5946,660,6,Node_05+Node_12,10,0
5947,660,7,Node_08+Node_09,10,0
5948,660,8,Node_01+Node_04+Node_13+Node_16,12,0
5949,661,0,Node_07,8,0
5950,661,1,Node_10,8,0
5951,661,2,Node_06,8,0
5952,661,3,Node_11,8,0
5953,661,4,Node_03+Node_14,10,0
5954,661,5,Node_02+Node_15,10,0
5955,661,6,Node_05+Node_12,10,0
5956,661,7,Node_08+Node_09,10,0
5957,661,8,Node_01+Node_04+Node_13+Node_16,12,0
5958,662,0,Node_07,8,0
5959,662,1,Node_10,8,0
5960,662,2,Node_06,8,0
5961,662,3,Node_11,8,0
5962,662,4,Node_03+Node_14,10,0
5963,662,5,Node_02+Node_15,10,0
5964,662,6,Node_05+Node_12,10,0
5965,662,7,Node_08+Node_09,10,0
5966,662,8,Node_01+Node_04+Node_13+Node_16,12,0
5967,663,0,Node_07,8,0
5968,663,1,Node_10,8,0
5969,663,2,Node_06,8,0
5970,663,3,Node_11,8,0
5971,663,4,Node_03+Node_14,10,0
5972,663,5,Node_02+Node_15,10,0
5973,663,6,Node_05+Node_12,10,0
5974,663,7,Node_08+Node_09,10,0
5975,663,8,Node_01+Node_04+Node_13+Node_16,12,0
5976,664,0,Node_07,8,0
5977,664,1,Node_10,8,0
5978,664,2,Node_06,8,0
5979,664,3,Node_11,8,0
5980,664,4,Node_03+Node_14,10,0
5981,664,5,Node_02+Node_15,10,0
5982,664,6,Node_05+Node_12,10,0
5983,664,7,Node_08+Node_09,10,0
5984,664,8,Node_01+Node_04+Node_13+Node_16,12,0
5985,665,0,Node_07,8,0
5986,665,1,Node_10,8,0
5987,665,2,Node_06,8,0
5988,665,3,Node_11,8,0
5989,665,4,Node_03+Node_14,10,0
5990,665,5,Node_02+Node_15,10,0
5991,665,6,Node_05+Node_12,10,0
5992,665,7,Node_08+Node_09,10,0
5993,665,8,Node_01+Node_04+Node_13+Node_16,12,0
5994,666,0,Node_07,8,0
5995,666,1,Node_10,8,0
5996,666,2,Node_06,8,0
5997,666,3,Node_11,8,0
5998,666,4,Node_03+Node_14,10,0
5999,666,5,Node_02+Node_15,10,0
6000,666,6,Node_05+Node_12,10,0
6001,666,7,Node_08+Node_09,10,0
6002,666,8,Node_01+Node_04+Node_13+Node_16,12,0
6003,667,0,Node_07,8,0
6004,667,1,Node_10,8,0
6005,667,2,Node_06,8,0
6006,667,3,Node_11,8,0
6007,667,4,Node_03+Node_14,10,0
6008,667,5,Node_02+Node_15,10,0
6009,667,6,Node_05+Node_12,10,0
6010,667,7,Node_08+Node_09,10,0
6011,667,8,Node_01+Node_04+Node_13+Node_16,12,0
6012,668,0,Node_07,8,0
6013,668,1,Node_10,8,0
6014,668,2,Node_06,8,0
6015,668,3,Node_11,8,0
6016,668,4,Node_03+Node_14,10,0
6017,668,5,Node_02+Node_15,10,0
6018,668,6,Node_05+Node_12,10,0
6019,668,7,Node_08+Node_09,10,0
6020,668,8,Node_01+Node_04+Node_13+Node_16,12,0
6021,669,0,Node_07,8,0
6022,669,1,Node_10,8,0
6023,669,2,Node_06,8,0
6024,669,3,Node_11,8,0
6025,669,4,Node_03+Node_14,10,0
6026,669,5,Node_02+Node_15,10,0
6027,669,6,Node_05+Node_12,10,0
6028,669,7,Node_08+Node_09,10,0
6029,669,8,Node_01+Node_04+Node_13+Node_16,12,0
6030,670,0,Node_07,8,0
6031,670,1,Node_10,8,0
6032,670,2,Node_06,8,0
6033,670,3,Node_11,8,0
6034,670,4,Node_03+Node_14,10,0
6035,670,5,Node_02+Node_15,10,0
6036,670,6,Node_05+Node_12,10,0
6037,670,7,Node_08+Node_09,10,0
6038,670,8,Node_01+Node_04+Node_13+Node_16,12,0
6039,671,0,Node_07,8,0
6040,671,1,Node_10,8,0
6041,671,2,Node_06,8,0
6042,671,3,Node_11,8,0
6043,671,4,Node_03+Node_14,10,0
6044,671,5,Node_02+Node_15,10,0
6045,671,6,Node_05+Node_12,10,0
6046,671,7,Node_08+Node_09,10,0
6047,671,8,Node_01+Node_04+Node_13+Node_16,12,0
6048,672,0,Node_07,8,0
6049,672,1,Node_10,8,0
6050,672,2,Node_06,8,0
6051,672,3,Node_11,8,0
6052,672,4,Node_03+Node_14,10,0
6053,672,5,Node_02+Node_15,10,0
6054,672,6,Node_05+Node_12,10,0
6055,672,7,Node_08+Node_09,10,0
6056,672,8,Node_01+Node_04+Node_13+Node_16,12,0
6057,673,0,Node_07,8,0
6058,673,1,Node_10,8,0
6059,673,2,Node_06,8,0
6060,673,3,Node_11,8,0
6061,673,4,Node_03+Node_14,10,0
6062,673,5,Node_02+Node_15,10,0
6063,673,6,Node_05+Node_12,10,0
6064,673,7,Node_08+Node_09,10,0
6065,673,8,Node_01+Node_04+Node_13+Node_16,12,0
6066,674,0,Node_07,8,0
6067,674,1,Node_10,8,0
6068,674,2,Node_06,8,0
6069,674,3,Node_11,8,0
6070,674,4,Node_03+Node_14,10,0
6071,674,5,Node_02+Node_15,10,0
6072,674,6,Node_05+Node_12,10,0
6073,674,7,Node_08+Node_09,10,0
6074,674,8,Node_01+Node_04+Node_13+Node_16,12,0
6075,675,0,Node_07,8,0
6076,675,1,Node_10,8,0
6077,675,2,Node_06,8,0
6078,675,3,Node_11,8,0
6079,675,4,Node_03+Node_14,10,0
6080,675,5,Node_02+Node_15,10,0
6081,675,6,Node_05+Node_12,10,0
6082,675,7,Node_08+Node_09,10,0
6083,675,8,Node_01+Node_04+Node_13+Node_16,12,0
6084,676,0,Node_07,8,0
6085,676,1,Node_10,8,0
6086,676,2,Node_06,8,0
6087,676,3,Node_11,8,0
6088,676,4,Node_03+Node_14,10,0
6089,676,5,Node_02+Node_15,10,0
6090,676,6,Node_05+Node_12,10,0
6091,676,7,Node_08+Node_09,10,0
6092,676,8,Node_01+Node_04+Node_13+Node_16,12,0
6093,677,0,Node_07,8,0
6094,677,1,Node_10,8,0
6095,677,2,Node_06,8,0
6096,677,3,Node_11,8,0
6097,677,4,Node_03+Node_14,10,0
6098,677,5,Node_02+Node_15,10,0
6099,677,6,Node_05+Node_12,10,0
6100,677,7,Node_08+Node_09,10,0
6101,677,8,Node_01+Node_04+Node_13+Node_16,12,0
6102,678,0,Node_07,8,0
6103,678,1,Node_10,8,0
6104,678,2,Node_06,8,0
6105,678,3,Node_11,8,0
6106,678,4,Node_03+Node_14,10,0
6107,678,5,Node_02+Node_15,10,0
6108,678,6,Node_05+Node_12,10,0
6109,678,7,Node_08+Node_09,10,0
6110,678,8,Node_01+Node_04+Node_13+Node_16,12,0
6111,679,0,Node_07,8,0
6112,679,1,Node_10,8,0
6113,679,2,Node_06,8,0
6114,679,3,Node_11,8,0
6115,679,4,Node_03+Node_14,10,0
6116,679,5,Node_02+Node_15,10,0
6117,679,6,Node_05+Node_12,10,0
6118,679,7,Node_08+Node_09,10,0
6119,679,8,Node_01+Node_04+Node_13+Node_16,12,0
6120,680,0,Node_07,8,0
6121,680,1,Node_10,8,0
6122,680,2,Node_06,8,0
6123,680,3,Node_11,8,0
6124,680,4,Node_03+Node_14,10,0
6125,680,5,Node_02+Node_15,10,0
6126,680,6,Node_05+Node_12,10,0
6127,680,7,Node_08+Node_09,10,0
6128,680,8,Node_01+Node_04+Node_13+Node_16,12,0
6129,681,0,Node_07,8,0
6130,681,1,Node_10,8,0
6131,681,2,Node_06,8,0
6132,681,3,Node_11,8,0
6133,681,4,Node_03+Node_14,10,0
6134,681,5,Node_02+Node_15,10,0
6135,681,6,Node_05+Node_12,10,0
6136,681,7,Node_08+Node_09,10,0
6137,681,8,Node_01+Node_04+Node_13+Node_16,12,0
6138,682,0,Node_07,8,0
6139,682,1,Node_10,8,0
6140,682,2,Node_06,8,0
6141,682,3,Node_11,8,0
6142,682,4,Node_03+Node_14,10,0
6143,682,5,Node_02+Node_15,10,0
6144,682,6,Node_05+Node_12,10,0
6145,682,7,Node_08+Node_09,10,0
6146,682,8,Node_01+Node_04+Node_13+Node_16,12,0
6147,683,0,Node_07,8,0
6148,683,1,Node_10,8,0
6149,683,2,Node_06,8,0
6150,683,3,Node_11,8,0
6151,683,4,Node_03+Node_14,10,0
6152,683,5,Node_02+Node_15,10,0
6153,683,6,Node_05+Node_12,10,0
6154,683,7,Node_08+Node_09,10,0
6155,683,8,Node_01+Node_04+Node_13+Node_16,12,0
6156,684,0,Node_07,8,0
6157,684,1,Node_10,8,0
6158,684,2,Node_06,8,0
6159,684,3,Node_11,8,0
6160,684,4,Node_03+Node_14,10,0
6161,684,5,Node_02+Node_15,10,0
6162,684,6,Node_05+Node_12,10,0
6163,684,7,Node_08+Node_09,10,0
6164,684,8,Node_01+Node_04+Node_13+Node_16,12,0
6165,685,0,Node_07,8,0
6166,685,1,Node_10,8,0
6167,685,2,Node_06,8,0
6168,685,3,Node_11,8,0
6169,685,4,Node_03+Node_14,10,0
6170,685,5,Node_02+Node_15,10,0
6171,685,6,Node_05+Node_12,10,0
6172,685,7,Node_08+Node_09,10,0
6173,685,8,Node_01+Node_04+Node_13+Node_16,12,0
6174,686,0,Node_07,8,0
6175,686,1,Node_10,8,0
6176,686,2,Node_06,8,0
6177,686,3,Node_11,8,0
6178,686,4,Node_03+Node_14,10,0
6179,686,5,Node_02+Node_15,10,0
6180,686,6,Node_05+Node_12,10,0
6181,686,7,Node_08+Node_09,10,0
6182,686,8,Node_01+Node_04+Node_13+Node_16,12,0
6183,687,0,Node_07,8,0
6184,687,1,Node_10,8,0
6185,687,2,Node_06,8,0
6186,687,3,Node_11,8,0
6187,687,4,Node_03+Node_14,10,0
6188,687,5,Node_02+Node_15,10,0
6189,687,6,Node_05+Node_12,10,0
6190,687,7,Node_08+Node_09,10,0
6191,687,8,Node_01+Node_04+Node_13+Node_16,12,0
6192,688,0,Node_07,8,0
6193,688,1,Node_10,8,0
6194,688,2,Node_06,8,0
6195,688,3,Node_11,8,0
6196,688,4,Node_03+Node_14,10,0
6197,688,5,Node_02+Node_15,10,0
6198,688,6,Node_05+Node_12,10,0
6199,688,7,Node_08+Node_09,10,0
6200,688,8,Node_01+Node_04+Node_13+Node_16,12,0
6201,689,0,Node_07,8,0
6202,689,1,Node_10,8,0
6203,689,2,Node_06,8,0
6204,689,3,Node_11,8,0
6205,689,4,Node_03+Node_14,10,0
6206,689,5,Node_02+Node_15,10,0
6207,689,6,Node_05+Node_12,10,0
6208,689,7,Node_08+Node_09,10,0
6209,689,8,Node_01+Node_04+Node_13+Node_16,12,0
6210,690,0,Node_07,8,0
6211,690,1,Node_10,8,0
6212,690,2,Node_06,8,0
6213,690,3,Node_11,8,0
6214,690,4,Node_03+Node_14,10,0
6215,690,5,Node_02+Node_15,10,0
6216,690,6,Node_05+Node_12,10,0
6217,690,7,Node_08+Node_09,10,0
6218,690,8,Node_01+Node_04+Node_13+Node_16,12,0
6219,691,0,Node_07,8,0
6220,691,1,Node_10,8,0
6221,691,2,Node_06,8,0
6222,691,3,Node_11,8,0
6223,691,4,Node_03+Node_14,10,0
6224,691,5,Node_02+Node_15,10,0
6225,691,6,Node_05+Node_12,10,0
6226,691,7,Node_08+Node_09,10,0
6227,691,8,Node_01+Node_04+Node_13+Node_16,12,0
6228,692,0,Node_07,8,0
6229,692,1,Node_10,8,0
6230,692,2,Node_06,8,0
6231,692,3,Node_11,8,0
6232,692,4,Node_03+Node_14,10,0
6233,692,5,Node_02+Node_15,10,0
6234,692,6,Node_05+Node_12,10,0
6235,692,7,Node_08+Node_09,10,0
6236,692,8,Node_01+Node_04+Node_13+Node_16,12,0
6237,693,0,Node_07,8,0
6238,693,1,Node_10,8,0
6239,693,2,Node_06,8,0
6240,693,3,Node_11,8,0
6241,693,4,Node_03+Node_14,10,0
6242,693,5,Node_02+Node_15,10,0
6243,693,6,Node_05+Node_12,10,0
6244,693,7,Node_08+Node_09,10,0
6245,693,8,Node_01+Node_04+Node_13+Node_16,12,0
6246,694,0,Node_07,8,0
6247,694,1,Node_10,8,0
6248,694,2,Node_06,8,0
6249,694,3,Node_11,8,0
6250,694,4,Node_03+Node_14,10,0
6251,694,5,Node_02+Node_15,10,0
6252,694,6,Node_05+Node_12,10,0
6253,694,7,Node_08+Node_09,10,0
6254,694,8,Node_01+Node_04+Node_13+Node_16,12,0
6255,695,0,Node_07,8,0
6256,695,1,Node_10,8,0
6257,695,2,Node_06,8,0
6258,695,3,Node_11,8,0
6259,695,4,Node_03+Node_14,10,0
6260,695,5,Node_02+Node_15,10,0
6261,695,6,Node_05+Node_12,10,0
6262,695,7,Node_08+Node_09,10,0
6263,695,8,Node_01+Node_04+Node_13+Node_16,12,0
6264,696,0,Node_07,8,0
6265,696,1,Node_10,8,0
6266,696,2,Node_06,8,0
6267,696,3,Node_11,8,0
6268,696,4,Node_03+Node_14,10,0
6269,696,5,Node_02+Node_15,10,0
6270,696,6,Node_05+Node_12,10,0
6271,696,7,Node_08+Node_09,10,0
6272,696,8,Node_01+Node_04+Node_13+Node_16,12,0
6273,697,0,Node_07,8,0
6274,697,1,Node_10,8,0
6275,697,2,Node_06,8,0
6276,697,3,Node_11,8,0
6277,697,4,Node_03+Node_14,10,0
6278,697,5,Node_02+Node_15,10,0
6279,697,6,Node_05+Node_12,10,0
6280,697,7,Node_08+Node_09,10,0
6281,697,8,Node_01+Node_04+Node_13+Node_16,12,0
6282,698,0,Node_07,8,0
6283,698,1,Node_10,8,0
6284,698,2,Node_06,8,0
6285,698,3,Node_11,8,0
6286,698,4,Node_03+Node_14,10,0
6287,698,5,Node_02+Node_15,10,0
6288,698,6,Node_05+Node_12,10,0
6289,698,7,Node_08+Node_09,10,0
6290,698,8,Node_01+Node_04+Node_13+Node_16,12,0
6291,699,0,Node_07,8,0
6292,699,1,Node_10,8,0
6293,699,2,Node_06,8,0
6294,699,3,Node_11,8,0
6295,699,4,Node_03+Node_14,10,0
6296,699,5,Node_02+Node_15,10,0
6297,699,6,Node_05+Node_12,10,0
6298,699,7,Node_08+Node_09,10,0
6299,699,8,Node_01+Node_04+Node_13+Node_16,12,0
6300,700,0,Node_07,8,0
6301,700,1,Node_10,8,0
6302,700,2,Node_06,8,0
6303,700,3,Node_11,8,0
6304,700,4,Node_03+Node_14,10,0
6305,700,5,Node_02+Node_15,10,0
6306,700,6,Node_05+Node_12,10,0
6307,700,7,Node_08+Node_09,10,0
6308,700,8,Node_01+Node_04+Node_13+Node_16,12,0
6309,701,0,Node_07,8,0
6310,701,1,Node_10,8,0
6311,701,2,Node_06,8,0
6312,701,3,Node_11,8,0
6313,701,4,Node_03+Node_14,10,0
6314,701,5,Node_02+Node_15,10,0
6315,701,6,Node_05+Node_12,10,0
6316,701,7,Node_08+Node_09,10,0
6317,701,8,Node_01+Node_04+Node_13+Node_16,12,0
6318,702,0,Node_07,8,0
6319,702,1,Node_10,8,0
6320,702,2,Node_06,8,0
6321,702,3,Node_11,8,0
6322,702,4,Node_03+Node_14,10,0
6323,702,5,Node_02+Node_15,10,0
6324,702,6,Node_05+Node_12,10,0
6325,702,7,Node_08+Node_09,10,0
6326,702,8,Node_01+Node_04+Node_13+Node_16,12,0
6327,703,0,Node_07,8,0
6328,703,1,Node_10,8,0
6329,703,2,Node_06,8,0
6330,703,3,Node_11,8,0
6331,703,4,Node_03+Node_14,10,0
6332,703,5,Node_02+Node_15,10,0
6333,703,6,Node_05+Node_12,10,0
6334,703,7,Node_08+Node_09,10,0
6335,703,8,Node_01+Node_04+Node_13+Node_16,12,0
6336,704,0,Node_07,8,0
6337,704,1,Node_10,8,0
6338,704,2,Node_06,8,0
6339,704,3,Node_11,8,0
6340,704,4,Node_03+Node_14,10,0
6341,704,5,Node_02+Node_15,10,0
6342,704,6,Node_05+Node_12,10,0
6343,704,7,Node_08+Node_09,10,0
6344,704,8,Node_01+Node_04+Node_13+Node_16,12,0
6345,705,0,Node_07,8,0
6346,705,1,Node_10,8,0
6347,705,2,Node_06,8,0
6348,705,3,Node_11,8,0
6349,705,4,Node_03+Node_14,10,0
6350,705,5,Node_02+Node_15,10,0
6351,705,6,Node_05+Node_12,10,0
6352,705,7,Node_08+Node_09,10,0
6353,705,8,Node_01+Node_04+Node_13+Node_16,12,0
6354,706,0,Node_07,8,0
6355,706,1,Node_10,8,0
6356,706,2,Node_06,8,0
6357,706,3,Node_11,8,0
6358,706,4,Node_03+Node_14,10,0
6359,706,5,Node_02+Node_15,10,0
6360,706,6,Node_05+Node_12,10,0
6361,706,7,Node_08+Node_09,10,0
6362,706,8,Node_01+Node_04+Node_13+Node_16,12,0
6363,707,0,Node_07,8,0
6364,707,1,Node_10,8,0
6365,707,2,Node_06,8,0
6366,707,3,Node_11,8,0
6367,707,4,Node_03+Node_14,10,0
6368,707,5,Node_02+Node_15,10,0
6369,707,6,Node_05+Node_12,10,0
6370,707,7,Node_08+Node_09,10,0
6371,707,8,Node_01+Node_04+Node_13+Node_16,12,0
6372,708,0,Node_07,8,0
6373,708,1,Node_10,8,0
6374,708,2,Node_06,8,0
6375,708,3,Node_11,8,0
6376,708,4,Node_03+Node_14,10,0
6377,708,5,Node_02+Node_15,10,0
6378,708,6,Node_05+Node_12,10,0
6379,708,7,Node_08+Node_09,10,0
6380,708,8,Node_01+Node_04+Node_13+Node_16,12,0
6381,709,0,Node_07,8,0
6382,709,1,Node_10,8,0
6383,709,2,Node_06,8,0
6384,709,3,Node_11,8,0
6385,709,4,Node_03+Node_14,10,0
6386,709,5,Node_02+Node_15,10,0
6387,709,6,Node_05+Node_12,10,0
6388,709,7,Node_08+Node_09,10,0
6389,709,8,Node_01+Node_04+Node_13+Node_16,12,0
6390,710,0,Node_07,8,0
6391,710,1,Node_10,8,0
6392,710,2,Node_06,8,0
6393,710,3,Node_11,8,0
6394,710,4,Node_03+Node_14,10,0
6395,710,5,Node_02+Node_15,10,0
6396,710,6,Node_05+Node_12,10,0
6397,710,7,Node_08+Node_09,10,0
6398,710,8,Node_01+Node_04+Node_13+Node_16,12,0
6399,711,0,Node_07,8,0
6400,711,1,Node_10,8,0
6401,711,2,Node_06,8,0
6402,711,3,Node_11,8,0
6403,711,4,Node_03+Node_14,10,0
6404,711,5,Node_02+Node_15,10,0
6405,711,6,Node_05+Node_12,10,0
6406,711,7,Node_08+Node_09,10,0
6407,711,8,Node_01+Node_04+Node_13+Node_16,12,0
6408,712,0,Node_07,8,0
6409,712,1,Node_10,8,0
6410,712,2,Node_06,8,0
6411,712,3,Node_11,8,0
6412,712,4,Node_03+Node_14,10,0
6413,712,5,Node_02+Node_15,10,0
6414,712,6,Node_05+Node_12,10,0
6415,712,7,Node_08+Node_09,10,0
6416,712,8,Node_01+Node_04+Node_13+Node_16,12,0
6417,713,0,Node_07,8,0
6418,713,1,Node_10,8,0
6419,713,2,Node_06,8,0
6420,713,3,Node_11,8,0
6421,713,4,Node_03+Node_14,10,0
6422,713,5,Node_02+Node_15,10,0
6423,713,6,Node_05+Node_12,10,0
6424,713,7,Node_08+Node_09,10,0
6425,713,8,Node_01+Node_04+Node_13+Node_16,12,0
6426,714,0,Node_07,8,0
6427,714,1,Node_10,8,0
6428,714,2,Node_06,8,0
6429,714,3,Node_11,8,0
6430,714,4,Node_03+Node_14,10,0
6431,714,5,Node_02+Node_15,10,0
6432,714,6,Node_05+Node_12,10,0
6433,714,7,Node_08+Node_09,10,0
6434,714,8,Node_01+Node_04+Node_13+Node_16,12,0
6435,715,0,Node_07,8,0
6436,715,1,Node_10,8,0
6437,715,2,Node_06,8,0
6438,715,3,Node_11,8,0
6439,715,4,Node_03+Node_14,10,0
6440,715,5,Node_02+Node_15,10,0
6441,715,6,Node_05+Node_12,10,0
6442,715,7,Node_08+Node_09,10,0
6443,715,8,Node_01+Node_04+Node_13+Node_16,12,0
6444,716,0,Node_07,8,0
6445,716,1,Node_10,8,0
6446,716,2,Node_06,8,0
6447,716,3,Node_11,8,0
6448,716,4,Node_03+Node_14,10,0
6449,716,5,Node_02+Node_15,10,0
6450,716,6,Node_05+Node_12,10,0
6451,716,7,Node_08+Node_09,10,0
6452,716,8,Node_01+Node_04+Node_13+Node_16,12,0
6453,717,0,Node_07,8,0
6454,717,1,Node_10,8,0
6455,717,2,Node_06,8,0
6456,717,3,Node_11,8,0
6457,717,4,Node_03+Node_14,10,0
6458,717,5,Node_02+Node_15,10,0
6459,717,6,Node_05+Node_12,10,0
6460,717,7,Node_08+Node_09,10,0
6461,717,8,Node_01+Node_04+Node_13+Node_16,12,0
6462,718,0,Node_07,8,0
6463,718,1,Node_10,8,0
6464,718,2,Node_06,8,0
6465,718,3,Node_11,8,0
6466,718,4,Node_03+Node_14,10,0
6467,718,5,Node_02+Node_15,10,0
6468,718,6,Node_05+Node_12,10,0
6469,718,7,Node_08+Node_09,10,0
6470,718,8,Node_01+Node_04+Node_13+Node_16,12,0
6471,719,0,Node_07,8,0
6472,719,1,Node_10,8,0
6473,719,2,Node_06,8,0
6474,719,3,Node_11,8,0
6475,719,4,Node_03+Node_14,10,0
6476,719,5,Node_02+Node_15,10,0
6477,719,6,Node_05+Node_12,10,0
6478,719,7,Node_08+Node_09,10,0
6479,719,8,Node_01+Node_04+Node_13+Node_16,12,0
6480,720,0,Node_07,8,0
6481,720,1,Node_10,8,0
6482,720,2,Node_06,8,0
6483,720,3,Node_11,8,0
6484,720,4,Node_03+Node_14,10,0
6485,720,5,Node_02+Node_15,10,0
6486,720,6,Node_05+Node_12,10,0
6487,720,7,Node_08+Node_09,10,0
6488,720,8,Node_01+Node_04+Node_13+Node_16,12,0
6489,721,0,Node_07,8,0
6490,721,1,Node_10,8,0
6491,721,2,Node_06,8,0
6492,721,3,Node_11,8,0
6493,721,4,Node_03+Node_14,10,0
6494,721,5,Node_02+Node_15,10,0
6495,721,6,Node_05+Node_12,10,0
6496,721,7,Node_08+Node_09,10,0
6497,721,8,Node_01+Node_04+Node_13+Node_16,12,0
6498,722,0,Node_07,8,0
6499,722,1,Node_10,8,0
6500,722,2,Node_06,8,0
6501,722,3,Node_11,8,0
6502,722,4,Node_03+Node_14,10,0
6503,722,5,Node_02+Node_15,10,0
6504,722,6,Node_05+Node_12,10,0
6505,722,7,Node_08+Node_09,10,0
6506,722,8,Node_01+Node_04+Node_13+Node_16,12,0
6507,723,0,Node_07,8,0
6508,723,1,Node_10,8,0
6509,723,2,Node_06,8,0
6510,723,3,Node_11,8,0
6511,723,4,Node_03+Node_14,10,0
6512,723,5,Node_02+Node_15,10,0
6513,723,6,Node_05+Node_12,10,0
6514,723,7,Node_08+Node_09,10,0
6515,723,8,Node_01+Node_04+Node_13+Node_16,12,0
6516,724,0,Node_07,8,0
6517,724,1,Node_10,8,0
6518,724,2,Node_06,8,0
6519,724,3,Node_11,8,0
6520,724,4,Node_03+Node_14,10,0
6521,724,5,Node_02+Node_15,10,0
6522,724,6,Node_05+Node_12,10,0
6523,724,7,Node_08+Node_09,10,0
6524,724,8,Node_01+Node_04+Node_13+Node_16,12,0
6525,725,0,Node_07,8,0
6526,725,1,Node_10,8,0
6527,725,2,Node_06,8,0
6528,725,3,Node_11,8,0
6529,725,4,Node_03+Node_14,10,0
6530,725,5,Node_02+Node_15,10,0
6531,725,6,Node_05+Node_12,10,0
6532,725,7,Node_08+Node_09,10,0
6533,725,8,Node_01+Node_04+Node_13+Node_16,12,0
6534,726,0,Node_07,8,0
6535,726,1,Node_10,8,0
6536,726,2,Node_06,8,0
6537,726,3,Node_11,8,0
6538,726,4,Node_03+Node_14,10,0
6539,726,5,Node_02+Node_15,10,0
6540,726,6,Node_05+Node_12,10,0
6541,726,7,Node_08+Node_09,10,0
6542,726,8,Node_01+Node_04+Node_13+Node_16,12,0
6543,727,0,Node_07,8,0
6544,727,1,Node_10,8,0
6545,727,2,Node_06,8,0
6546,727,3,Node_11,8,0
6547,727,4,Node_03+Node_14,10,0
6548,727,5,Node_02+Node_15,10,0
6549,727,6,Node_05+Node_12,10,0
6550,727,7,Node_08+Node_09,10,0
6551,727,8,Node_01+Node_04+Node_13+Node_16,12,0
6552,728,0,Node_07,8,0
6553,728,1,Node_10,8,0
6554,728,2,Node_06,8,0
6555,728,3,Node_11,8,0
6556,728,4,Node_03+Node_14,10,0
6557,728,5,Node_02+Node_15,10,0
6558,728,6,Node_05+Node_12,10,0
6559,728,7,Node_08+Node_09,10,0
6560,728,8,Node_01+Node_04+Node_13+Node_16,12,0
6561,729,0,Node_07,8,0
6562,729,1,Node_10,8,0
6563,729,2,Node_06,8,0
6564,729,3,Node_11,8,0
6565,729,4,Node_03+Node_14,10,0
6566,729,5,Node_02+Node_15,10,0
6567,729,6,Node_05+Node_12,10,0
6568,729,7,Node_08+Node_09,10,0
6569,729,8,Node_01+Node_04+Node_13+Node_16,12,0
6570,730,0,Node_07,8,0
6571,730,1,Node_10,8,0
6572,730,2,Node_06,8,0
6573,730,3,Node_11,8,0
6574,730,4,Node_03+Node_14,10,0
6575,730,5,Node_02+Node_15,10,0
6576,730,6,Node_05+Node_12,10,0
6577,730,7,Node_08+Node_09,10,0
6578,730,8,Node_01+Node_04+Node_13+Node_16,12,0
6579,731,0,Node_07,8,0
6580,731,1,Node_10,8,0
6581,731,2,Node_06,8,0
6582,731,3,Node_11,8,0
6583,731,4,Node_03+Node_14,10,0
6584,731,5,Node_02+Node_15,10,0
6585,731,6,Node_05+Node_12,10,0
6586,731,7,Node_08+Node_09,10,0
6587,731,8,Node_01+Node_04+Node_13+Node_16,12,0
6588,732,0,Node_07,8,0
6589,732,1,Node_10,8,0
6590,732,2,Node_06,8,0
6591,732,3,Node_11,8,0
6592,732,4,Node_03+Node_14,10,0
6593,732,5,Node_02+Node_15,10,0
6594,732,6,Node_05+Node_12,10,0
6595,732,7,Node_08+Node_09,10,0
6596,732,8,Node_01+Node_04+Node_13+Node_16,12,0
6597,733,0,Node_07,8,0
6598,733,1,Node_10,8,0
6599,733,2,Node_06,8,0
6600,733,3,Node_11,8,0
6601,733,4,Node_03+Node_14,10,0
6602,733,5,Node_02+Node_15,10,0
6603,733,6,Node_05+Node_12,10,0
6604,733,7,Node_08+Node_09,10,0
6605,733,8,Node_01+Node_04+Node_13+Node_16,12,0
6606,734,0,Node_07,8,0
6607,734,1,Node_10,8,0
6608,734,2,Node_06,8,0
6609,734,3,Node_11,8,0
6610,734,4,Node_03+Node_14,10,0
6611,734,5,Node_02+Node_15,10,0
6612,734,6,Node_05+Node_12,10,0
6613,734,7,Node_08+Node_09,10,0
6614,734,8,Node_01+Node_04+Node_13+Node_16,12,0
6615,735,0,Node_07,8,0
6616,735,1,Node_10,8,0
6617,735,2,Node_06,8,0
6618,735,3,Node_11,8,0
6619,735,4,Node_03+Node_14,10,0
6620,735,5,Node_02+Node_15,10,0
6621,735,6,Node_05+Node_12,10,0
6622,735,7,Node_08+Node_09,10,0
6623,735,8,Node_01+Node_04+Node_13+Node_16,12,0
6624,736,0,Node_07,8,0
6625,736,1,Node_10,8,0
6626,736,2,Node_06,8,0
6627,736,3,Node_11,8,0
6628,736,4,Node_03+Node_14,10,0
6629,736,5,Node_02+Node_15,10,0
6630,736,6,Node_05+Node_12,10,0
6631,736,7,Node_08+Node_09,10,0
6632,736,8,Node_01+Node_04+Node_13+Node_16,12,0
6633,737,0,Node_07,8,0
6634,737,1,Node_10,8,0
6635,737,2,Node_06,8,0
6636,737,3,Node_11,8,0
6637,737,4,Node_03+Node_14,10,0
6638,737,5,Node_02+Node_15,10,0
6639,737,6,Node_05+Node_12,10,0
6640,737,7,Node_08+Node_09,10,0
6641,737,8,Node_01+Node_04+Node_13+Node_16,12,0
6642,738,0,Node_07,8,0
6643,738,1,Node_10,8,0
6644,738,2,Node_06,8,0
6645,738,3,Node_11,8,0
6646,738,4,Node_03+Node_14,10,0
6647,738,5,Node_02+Node_15,10,0
6648,738,6,Node_05+Node_12,10,0
6649,738,7,Node_08+Node_09,10,0
6650,738,8,Node_01+Node_04+Node_13+Node_16,12,0
6651,739,0,Node_07,8,0
6652,739,1,Node_10,8,0
6653,739,2,Node_06,8,0
6654,739,3,Node_11,8,0
6655,739,4,Node_03+Node_14,10,0
6656,739,5,Node_02+Node_15,10,0
6657,739,6,Node_05+Node_12,10,0
6658,739,7,Node_08+Node_09,10,0
6659,739,8,Node_01+Node_04+Node_13+Node_16,12,0
6660,740,0,Node_07,8,0
6661,740,1,Node_10,8,0
6662,740,2,Node_06,8,0
6663,740,3,Node_11,8,0
6664,740,4,Node_03+Node_14,10,0
6665,740,5,Node_02+Node_15,10,0
6666,740,6,Node_05+Node_12,10,0
6667,740,7,Node_08+Node_09,10,0
6668,740,8,Node_01+Node_04+Node_13+Node_16,12,0
6669,741,0,Node_07,8,0
6670,741,1,Node_10,8,0
6671,741,2,Node_06,8,0
6672,741,3,Node_11,8,0
6673,741,4,Node_03+Node_14,10,0
6674,741,5,Node_02+Node_15,10,0
6675,741,6,Node_05+Node_12,10,0
6676,741,7,Node_08+Node_09,10,0
6677,741,8,Node_01+Node_04+Node_13+Node_16,12,0
6678,742,0,Node_07,8,0
6679,742,1,Node_10,8,0
6680,742,2,Node_06,8,0
6681,742,3,Node_11,8,0
6682,742,4,Node_03+Node_14,10,0
6683,742,5,Node_02+Node_15,10,0
6684,742,6,Node_05+Node_12,10,0
6685,742,7,Node_08+Node_09,10,0
6686,742,8,Node_01+Node_04+Node_13+Node_16,12,0
6687,743,0,Node_07,8,0
6688,743,1,Node_10,8,0
6689,743,2,Node_06,8,0
6690,743,3,Node_11,8,0
6691,743,4,Node_03+Node_14,10,0
6692,743,5,Node_02+Node_15,10,0
6693,743,6,Node_05+Node_12,10,0
6694,743,7,Node_08+Node_09,10,0
6695,743,8,Node_01+Node_04+Node_13+Node_16,12,0
6696,744,0,Node_07,8,0
6697,744,1,Node_10,8,0
6698,744,2,Node_06,8,0
6699,744,3,Node_11,8,0
6700,744,4,Node_03+Node_14,10,0
6701,744,5,Node_02+Node_15,10,0
6702,744,6,Node_05+Node_12,10,0
6703,744,7,Node_08+Node_09,10,0
6704,744,8,Node_01+Node_04+Node_13+Node_16,12,0
6705,745,0,Node_07,8,0
6706,745,1,Node_10,8,0
6707,745,2,Node_06,8,0
6708,745,3,Node_11,8,0
6709,745,4,Node_03+Node_14,10,0
6710,745,5,Node_02+Node_15,10,0
6711,745,6,Node_05+Node_12,10,0
6712,745,7,Node_08+Node_09,10,0
6713,745,8,Node_01+Node_04+Node_13+Node_16,12,0
6714,746,0,Node_07,8,0
6715,746,1,Node_10,8,0
6716,746,2,Node_06,8,0
6717,746,3,Node_11,8,0
6718,746,4,Node_03+Node_14,10,0
6719,746,5,Node_02+Node_15,10,0
6720,746,6,Node_05+Node_12,10,0
6721,746,7,Node_08+Node_09,10,0
6722,746,8,Node_01+Node_04+Node_13+Node_16,12,0
6723,747,0,Node_07,8,0
6724,747,1,Node_10,8,0
6725,747,2,Node_06,8,0
6726,747,3,Node_11,8,0
6727,747,4,Node_03+Node_14,10,0
6728,747,5,Node_02+Node_15,10,0
6729,747,6,Node_05+Node_12,10,0
6730,747,7,Node_08+Node_09,10,0
6731,747,8,Node_01+Node_04+Node_13+Node_16,12,0
6732,748,0,Node_07,8,0
6733,748,1,Node_10,8,0
6734,748,2,Node_06,8,0
6735,748,3,Node_11,8,0
6736,748,4,Node_03+Node_14,10,0
6737,748,5,Node_02+Node_15,10,0
6738,748,6,Node_05+Node_12,10,0
6739,748,7,Node_08+Node_09,10,0
6740,748,8,Node_01+Node_04+Node_13+Node_16,12,0
6741,749,0,Node_07,8,0
6742,749,1,Node_10,8,0
6743,749,2,Node_06,8,0
6744,749,3,Node_11,8,0
6745,749,4,Node_03+Node_14,10,0
6746,749,5,Node_02+Node_15,10,0
6747,749,6,Node_05+Node_12,10,0
6748,749,7,Node_08+Node_09,10,0
6749,749,8,Node_01+Node_04+Node_13+Node_16,12,0
6750,750,0,Node_07,8,0
6751,750,1,Node_10,8,0
6752,750,2,Node_06,8,0
6753,750,3,Node_11,8,0
6754,750,4,Node_03+Node_14,10,0
6755,750,5,Node_02+Node_15,10,0
6756,750,6,Node_05+Node_12,10,0
6757,750,7,Node_08+Node_09,10,0
6758,750,8,Node_01+Node_04+Node_13+Node_16,12,0
6759,751,0,Node_07,8,0
6760,751,1,Node_10,8,0
6761,751,2,Node_06,8,0
6762,751,3,Node_11,8,0
6763,751,4,Node_03+Node_14,10,0
6764,751,5,Node_02+Node_15,10,0
6765,751,6,Node_05+Node_12,10,0
6766,751,7,Node_08+Node_09,10,0
6767,751,8,Node_01+Node_04+Node_13+Node_16,12,0
6768,752,0,Node_07,8,0
6769,752,1,Node_10,8,0
6770,752,2,Node_06,8,0
6771,752,3,Node_11,8,0
6772,752,4,Node_03+Node_14,10,0
6773,752,5,Node_02+Node_15,10,0
6774,752,6,Node_05+Node_12,10,0
6775,752,7,Node_08+Node_09,10,0
6776,752,8,Node_01+Node_04+Node_13+Node_16,12,0
6777,753,0,Node_07,8,0
6778,753,1,Node_10,8,0
6779,753,2,Node_06,8,0
6780,753,3,Node_11,8,0
6781,753,4,Node_03+Node_14,10,0
6782,753,5,Node_02+Node_15,10,0
6783,753,6,Node_05+Node_12,10,0
6784,753,7,Node_08+Node_09,10,0
6785,753,8,Node_01+Node_04+Node_13+Node_16,12,0
6786,754,0,Node_07,8,0
6787,754,1,Node_10,8,0
6788,754,2,Node_06,8,0
6789,754,3,Node_11,8,0
6790,754,4,Node_03+Node_14,10,0
6791,754,5,Node_02+Node_15,10,0
6792,754,6,Node_05+Node_12,10,0
6793,754,7,Node_08+Node_09,10,0
6794,754,8,Node_01+Node_04+Node_13+Node_16,12,0
6795,755,0,Node_07,8,0
6796,755,1,Node_10,8,0
6797,755,2,Node_06,8,0
6798,755,3,Node_11,8,0
6799,755,4,Node_03+Node_14,10,0
6800,755,5,Node_02+Node_15,10,0
6801,755,6,Node_05+Node_12,10,0
6802,755,7,Node_08+Node_09,10,0
6803,755,8,Node_01+Node_04+Node_13+Node_16,12,0
6804,756,0,Node_07,8,0
6805,756,1,Node_10,8,0
6806,756,2,Node_06,8,0
6807,756,3,Node_11,8,0
6808,756,4,Node_03+Node_14,10,0
6809,756,5,Node_02+Node_15,10,0
6810,756,6,Node_05+Node_12,10,0
6811,756,7,Node_08+Node_09,10,0
6812,756,8,Node_01+Node_04+Node_13+Node_16,12,0
6813,757,0,Node_07,8,0
6814,757,1,Node_10,8,0
6815,757,2,Node_06,8,0
6816,757,3,Node_11,8,0
6817,757,4,Node_03+Node_14,10,0
6818,757,5,Node_02+Node_15,10,0
6819,757,6,Node_05+Node_12,10,0
6820,757,7,Node_08+Node_09,10,0
6821,757,8,Node_01+Node_04+Node_13+Node_16,12,0
6822,758,0,Node_07,8,0
6823,758,1,Node_10,8,0
6824,758,2,Node_06,8,0
6825,758,3,Node_11,8,0
6826,758,4,Node_03+Node_14,10,0
6827,758,5,Node_02+Node_15,10,0
6828,758,6,Node_05+Node_12,10,0
6829,758,7,Node_08+Node_09,10,0
6830,758,8,Node_01+Node_04+Node_13+Node_16,12,0
6831,759,0,Node_07,8,0
6832,759,1,Node_10,8,0
6833,759,2,Node_06,8,0
6834,759,3,Node_11,8,0
6835,759,4,Node_03+Node_14,10,0
6836,759,5,Node_02+Node_15,10,0
6837,759,6,Node_05+Node_12,10,0
6838,759,7,Node_08+Node_09,10,0
6839,759,8,Node_01+Node_04+Node_13+Node_16,12,0
6840,760,0,Node_07,8,0
6841,760,1,Node_10,8,0
6842,760,2,Node_06,8,0
6843,760,3,Node_11,8,0
6844,760,4,Node_03+Node_14,10,0
6845,760,5,Node_02+Node_15,10,0
6846,760,6,Node_05+Node_12,10,0
6847,760,7,Node_08+Node_09,10,0
6848,760,8,Node_01+Node_04+Node_13+Node_16,12,0
6849,761,0,Node_07,8,0
6850,761,1,Node_10,8,0
6851,761,2,Node_06,8,0
6852,761,3,Node_11,8,0
6853,761,4,Node_03+Node_14,10,0
6854,761,5,Node_02+Node_15,10,0
6855,761,6,Node_05+Node_12,10,0
6856,761,7,Node_08+Node_09,10,0
6857,761,8,Node_01+Node_04+Node_13+Node_16,12,0
6858,762,0,Node_07,8,0
6859,762,1,Node_10,8,0
6860,762,2,Node_06,8,0
6861,762,3,Node_11,8,0
6862,762,4,Node_03+Node_14,10,0
6863,762,5,Node_02+Node_15,10,0
6864,762,6,Node_05+Node_12,10,0
6865,762,7,Node_08+Node_09,10,0
6866,762,8,Node_01+Node_04+Node_13+Node_16,12,0
6867,763,0,Node_07,8,0
6868,763,1,Node_10,8,0
6869,763,2,Node_06,8,0
6870,763,3,Node_11,8,0
6871,763,4,Node_03+Node_14,10,0
6872,763,5,Node_02+Node_15,10,0
6873,763,6,Node_05+Node_12,10,0
6874,763,7,Node_08+Node_09,10,0
6875,763,8,Node_01+Node_04+Node_13+Node_16,12,0
6876,764,0,Node_07,8,0
6877,764,1,Node_10,8,0
6878,764,2,Node_06,8,0
6879,764,3,Node_11,8,0
6880,764,4,Node_03+Node_14,10,0
6881,764,5,Node_02+Node_15,10,0
6882,764,6,Node_05+Node_12,10,0
6883,764,7,Node_08+Node_09,10,0
6884,764,8,Node_01+Node_04+Node_13+Node_16,12,0
6885,765,0,Node_07,8,0
6886,765,1,Node_10,8,0
6887,765,2,Node_06,8,0
6888,765,3,Node_11,8,0
6889,765,4,Node_03+Node_14,10,0
6890,765,5,Node_02+Node_15,10,0
6891,765,6,Node_05+Node_12,10,0
6892,765,7,Node_08+Node_09,10,0
6893,765,8,Node_01+Node_04+Node_13+Node_16,12,0
6894,766,0,Node_07,8,0
6895,766,1,Node_10,8,0
6896,766,2,Node_06,8,0
6897,766,3,Node_11,8,0
6898,766,4,Node_03+Node_14,10,0
6899,766,5,Node_02+Node_15,10,0
6900,766,6,Node_05+Node_12,10,0
6901,766,7,Node_08+Node_09,10,0
6902,766,8,Node_01+Node_04+Node_13+Node_16,12,0
6903,767,0,Node_07,8,0
6904,767,1,Node_10,8,0
6905,767,2,Node_06,8,0
6906,767,3,Node_11,8,0
6907,767,4,Node_03+Node_14,10,0
6908,767,5,Node_02+Node_15,10,0
6909,767,6,Node_05+Node_12,10,0
6910,767,7,Node_08+Node_09,10,0
6911,767,8,Node_01+Node_04+Node_13+Node_16,12,0
6912,768,0,Node_07,8,0
6913,768,1,Node_10,8,0
6914,768,2,Node_06,8,0
6915,768,3,Node_11,8,0
6916,768,4,Node_03+Node_14,10,0
6917,768,5,Node_02+Node_15,10,0
6918,768,6,Node_05+Node_12,10,0
6919,768,7,Node_08+Node_09,10,0
6920,768,8,Node_01+Node_04+Node_13+Node_16,12,0
6921,769,0,Node_07,8,0
6922,769,1,Node_10,8,0
6923,769,2,Node_06,8,0
6924,769,3,Node_11,8,0
6925,769,4,Node_03+Node_14,10,0
6926,769,5,Node_02+Node_15,10,0
6927,769,6,Node_05+Node_12,10,0
6928,769,7,Node_08+Node_09,10,0
6929,769,8,Node_01+Node_04+Node_13+Node_16,12,0
6930,770,0,Node_07,8,0
6931,770,1,Node_10,8,0
6932,770,2,Node_06,8,0
6933,770,3,Node_11,8,0
6934,770,4,Node_03+Node_14,10,0
6935,770,5,Node_02+Node_15,10,0
6936,770,6,Node_05+Node_12,10,0
6937,770,7,Node_08+Node_09,10,0
6938,770,8,Node_01+Node_04+Node_13+Node_16,12,0
6939,771,0,Node_07,8,0
6940,771,1,Node_10,8,0
6941,771,2,Node_06,8,0
6942,771,3,Node_11,8,0
6943,771,4,Node_03+Node_14,10,0
6944,771,5,Node_02+Node_15,10,0
6945,771,6,Node_05+Node_12,10,0
6946,771,7,Node_08+Node_09,10,0
6947,771,8,Node_01+Node_04+Node_13+Node_16,12,0
6948,772,0,Node_07,8,0
6949,772,1,Node_10,8,0
6950,772,2,Node_06,8,0
6951,772,3,Node_11,8,0
6952,772,4,Node_03+Node_14,10,0
6953,772,5,Node_02+Node_15,10,0
6954,772,6,Node_05+Node_12,10,0
6955,772,7,Node_08+Node_09,10,0
6956,772,8,Node_01+Node_04+Node_13+Node_16,12,0
6957,773,0,Node_07,8,0
6958,773,1,Node_10,8,0
6959,773,2,Node_06,8,0
6960,773,3,Node_11,8,0
6961,773,4,Node_03+Node_14,10,0
6962,773,5,Node_02+Node_15,10,0
6963,773,6,Node_05+Node_12,10,0
6964,773,7,Node_08+Node_09,10,0
6965,773,8,Node_01+Node_04+Node_13+Node_16,12,0
6966,774,0,Node_07,8,0
6967,774,1,Node_10,8,0
6968,774,2,Node_06,8,0
6969,774,3,Node_11,8,0
6970,774,4,Node_03+Node_14,10,0
6971,774,5,Node_02+Node_15,10,0
6972,774,6,Node_05+Node_12,10,0
6973,774,7,Node_08+Node_09,10,0
6974,774,8,Node_01+Node_04+Node_13+Node_16,12,0
6975,775,0,Node_07,8,0
6976,775,1,Node_10,8,0
6977,775,2,Node_06,8,0
6978,775,3,Node_11,8,0
6979,775,4,Node_03+Node_14,10,0
6980,775,5,Node_02+Node_15,10,0
6981,775,6,Node_05+Node_12,10,0
6982,775,7,Node_08+Node_09,10,0
6983,775,8,Node_01+Node_04+Node_13+Node_16,12,0
6984,776,0,Node_07,8,0
6985,776,1,Node_10,8,0
6986,776,2,Node_06,8,0
6987,776,3,Node_11,8,0
6988,776,4,Node_03+Node_14,10,0
6989,776,5,Node_02+Node_15,10,0
6990,776,6,Node_05+Node_12,10,0
6991,776,7,Node_08+Node_09,10,0
6992,776,8,Node_01+Node_04+Node_13+Node_16,12,0
6993,777,0,Node_07,8,0
6994,777,1,Node_10,8,0
6995,777,2,Node_06,8,0
6996,777,3,Node_11,8,0
6997,777,4,Node_03+Node_14,10,0
6998,777,5,Node_02+Node_15,10,0
6999,777,6,Node_05+Node_12,10,0
7000,777,7,Node_08+Node_09,10,0
7001,777,8,Node_01+Node_04+Node_13+Node_16,12,0
7002,778,0,Node_07,8,0
7003,778,1,Node_10,8,0
7004,778,2,Node_06,8,0
7005,778,3,Node_11,8,0
7006,778,4,Node_03+Node_14,10,0
7007,778,5,Node_02+Node_15,10,0
7008,778,6,Node_05+Node_12,10,0
7009,778,7,Node_08+Node_09,10,0
7010,778,8,Node_01+Node_04+Node_13+Node_16,12,0
7011,779,0,Node_07,8,0
7012,779,1,Node_10,8,0
7013,779,2,Node_06,8,0
7014,779,3,Node_11,8,0
7015,779,4,Node_03+Node_14,10,0
7016,779,5,Node_02+Node_15,10,0
7017,779,6,Node_05+Node_12,10,0
7018,779,7,Node_08+Node_09,10,0
7019,779,8,Node_01+Node_04+Node_13+Node_16,12,0
7020,780,0,Node_07,8,0
7021,780,1,Node_10,8,0
7022,780,2,Node_06,8,0
7023,780,3,Node_11,8,0
7024,780,4,Node_03+Node_14,10,0
7025,780,5,Node_02+Node_15,10,0
7026,780,6,Node_05+Node_12,10,0
7027,780,7,Node_08+Node_09,10,0
7028,780,8,Node_01+Node_04+Node_13+Node_16,12,0
7029,781,0,Node_07,8,0
7030,781,1,Node_10,8,0
7031,781,2,Node_06,8,0
7032,781,3,Node_11,8,0
7033,781,4,Node_03+Node_14,10,0
7034,781,5,Node_02+Node_15,10,0
7035,781,6,Node_05+Node_12,10,0
7036,781,7,Node_08+Node_09,10,0
7037,781,8,Node_01+Node_04+Node_13+Node_16,12,0
7038,782,0,Node_07,8,0
7039,782,1,Node_10,8,0
7040,782,2,Node_06,8,0
7041,782,3,Node_11,8,0
7042,782,4,Node_03+Node_14,10,0
7043,782,5,Node_02+Node_15,10,0
7044,782,6,Node_05+Node_12,10,0
7045,782,7,Node_08+Node_09,10,0
7046,782,8,Node_01+Node_04+Node_13+Node_16,12,0
7047,783,0,Node_07,8,0
7048,783,1,Node_10,8,0
7049,783,2,Node_06,8,0
7050,783,3,Node_11,8,0
7051,783,4,Node_03+Node_14,10,0
7052,783,5,Node_02+Node_15,10,0
7053,783,6,Node_05+Node_12,10,0
7054,783,7,Node_08+Node_09,10,0
7055,783,8,Node_01+Node_04+Node_13+Node_16,12,0
7056,784,0,Node_07,8,0
7057,784,1,Node_10,8,0
7058,784,2,Node_06,8,0
7059,784,3,Node_11,8,0
7060,784,4,Node_03+Node_14,10,0
7061,784,5,Node_02+Node_15,10,0
7062,784,6,Node_05+Node_12,10,0
7063,784,7,Node_08+Node_09,10,0
7064,784,8,Node_01+Node_04+Node_13+Node_16,12,0
7065,785,0,Node_07,8,0
7066,785,1,Node_10,8,0
7067,785,2,Node_06,8,0
7068,785,3,Node_11,8,0
7069,785,4,Node_03+Node_14,10,0
7070,785,5,Node_02+Node_15,10,0
7071,785,6,Node_05+Node_12,10,0
7072,785,7,Node_08+Node_09,10,0
7073,785,8,Node_01+Node_04+Node_13+Node_16,12,0
7074,786,0,Node_07,8,0
7075,786,1,Node_10,8,0
7076,786,2,Node_06,8,0
7077,786,3,Node_11,8,0
7078,786,4,Node_03+Node_14,10,0
7079,786,5,Node_02+Node_15,10,0
7080,786,6,Node_05+Node_12,10,0
7081,786,7,Node_08+Node_09,10,0
7082,786,8,Node_01+Node_04+Node_13+Node_16,12,0
7083,787,0,Node_07,8,0
7084,787,1,Node_10,8,0
7085,787,2,Node_06,8,0
7086,787,3,Node_11,8,0
7087,787,4,Node_03+Node_14,10,0
7088,787,5,Node_02+Node_15,10,0
7089,787,6,Node_05+Node_12,10,0
7090,787,7,Node_08+Node_09,10,0
7091,787,8,Node_01+Node_04+Node_13+Node_16,12,0
7092,788,0,Node_07,8,0
7093,788,1,Node_10,8,0
7094,788,2,Node_06,8,0
7095,788,3,Node_11,8,0
7096,788,4,Node_03+Node_14,10,0
7097,788,5,Node_02+Node_15,10,0
7098,788,6,Node_05+Node_12,10,0
7099,788,7,Node_08+Node_09,10,0
7100,788,8,Node_01+Node_04+Node_13+Node_16,12,0
7101,789,0,Node_07,8,0
7102,789,1,Node_10,8,0
7103,789,2,Node_06,8,0
7104,789,3,Node_11,8,0
7105,789,4,Node_03+Node_14,10,0
7106,789,5,Node_02+Node_15,10,0
7107,789,6,Node_05+Node_12,10,0
7108,789,7,Node_08+Node_09,10,0
7109,789,8,Node_01+Node_04+Node_13+Node_16,12,0
7110,790,0,Node_07,8,0
7111,790,1,Node_10,8,0
7112,790,2,Node_06,8,0
7113,790,3,Node_11,8,0
7114,790,4,Node_03+Node_14,10,0
7115,790,5,Node_02+Node_15,10,0
7116,790,6,Node_05+Node_12,10,0
7117,790,7,Node_08+Node_09,10,0
7118,790,8,Node_01+Node_04+Node_13+Node_16,12,0
7119,791,0,Node_07,8,0
7120,791,1,Node_10,8,0
7121,791,2,Node_06,8,0
7122,791,3,Node_11,8,0
7123,791,4,Node_03+Node_14,10,0
7124,791,5,Node_02+Node_15,10,0
7125,791,6,Node_05+Node_12,10,0
7126,791,7,Node_08+Node_09,10,0
7127,791,8,Node_01+Node_04+Node_13+Node_16,12,0
7128,792,0,Node_07,8,0
7129,792,1,Node_10,8,0
7130,792,2,Node_06,8,0
7131,792,3,Node_11,8,0
7132,792,4,Node_03+Node_14,10,0
7133,792,5,Node_02+Node_15,10,0
7134,792,6,Node_05+Node_12,10,0
7135,792,7,Node_08+Node_09,10,0
7136,792,8,Node_01+Node_04+Node_13+Node_16,12,0
7137,793,0,Node_07,8,0
7138,793,1,Node_10,8,0
7139,793,2,Node_06,8,0
7140,793,3,Node_11,8,0
7141,793,4,Node_03+Node_14,10,0
7142,793,5,Node_02+Node_15,10,0
7143,793,6,Node_05+Node_12,10,0
7144,793,7,Node_08+Node_09,10,0
7145,793,8,Node_01+Node_04+Node_13+Node_16,12,0
7146,794,0,Node_07,8,0
7147,794,1,Node_10,8,0
7148,794,2,Node_06,8,0
7149,794,3,Node_11,8,0
7150,794,4,Node_03+Node_14,10,0
7151,794,5,Node_02+Node_15,10,0
7152,794,6,Node_05+Node_12,10,0
7153,794,7,Node_08+Node_09,10,0
7154,794,8,Node_01+Node_04+Node_13+Node_16,12,0
7155,795,0,Node_07,8,0
7156,795,1,Node_10,8,0
7157,795,2,Node_06,8,0
7158,795,3,Node_11,8,0
7159,795,4,Node_03+Node_14,10,0
7160,795,5,Node_02+Node_15,10,0
7161,795,6,Node_05+Node_12,10,0
7162,795,7,Node_08+Node_09,10,0
7163,795,8,Node_01+Node_04+Node_13+Node_16,12,0
7164,796,0,Node_07,8,0
7165,796,1,Node_10,8,0
7166,796,2,Node_06,8,0
7167,796,3,Node_11,8,0
7168,796,4,Node_03+Node_14,10,0
7169,796,5,Node_02+Node_15,10,0
7170,796,6,Node_05+Node_12,10,0
7171,796,7,Node_08+Node_09,10,0
7172,796,8,Node_01+Node_04+Node_13+Node_16,12,0
7173,797,0,Node_07,8,0
7174,797,1,Node_10,8,0
7175,797,2,Node_06,8,0
7176,797,3,Node_11,8,0
7177,797,4,Node_03+Node_14,10,0
7178,797,5,Node_02+Node_15,10,0
7179,797,6,Node_05+Node_12,10,0
7180,797,7,Node_08+Node_09,10,0
7181,797,8,Node_01+Node_04+Node_13+Node_16,12,0
7182,798,0,Node_07,8,0
7183,798,1,Node_10,8,0
7184,798,2,Node_06,8,0
7185,798,3,Node_11,8,0
7186,798,4,Node_03+Node_14,10,0
7187,798,5,Node_02+Node_15,10,0
7188,798,6,Node_05+Node_12,10,0
7189,798,7,Node_08+Node_09,10,0
7190,798,8,Node_01+Node_04+Node_13+Node_16,12,0
7191,799,0,Node_07,8,0
7192,799,1,Node_10,8,0
7193,799,2,Node_06,8,0
7194,799,3,Node_11,8,0
7195,799,4,Node_03+Node_14,10,0
7196,799,5,Node_02+Node_15,10,0
7197,799,6,Node_05+Node_12,10,0
7198,799,7,Node_08+Node_09,10,0
7199,799,8,Node_01+Node_04+Node_13+Node_16,12,0
7200,800,0,Node_07,8,0
7201,800,1,Node_10,8,0
7202,800,2,Node_06,8,0
7203,800,3,Node_11,8,0
7204,800,4,Node_03+Node_14,10,0
7205,800,5,Node_02+Node_15,10,0
7206,800,6,Node_05+Node_12,10,0
7207,800,7,Node_08+Node_09,10,0
7208,800,8,Node_01+Node_04+Node_13+Node_16,12,0
7209,801,0,Node_07,8,0
7210,801,1,Node_10,8,0
7211,801,2,Node_06,8,0
7212,801,3,Node_11,8,0
7213,801,4,Node_03+Node_14,10,0
7214,801,5,Node_02+Node_15,10,0
7215,801,6,Node_05+Node_12,10,0
7216,801,7,Node_08+Node_09,10,0
7217,801,8,Node_01+Node_04+Node_13+Node_16,12,0
7218,802,0,Node_07,8,0
7219,802,1,Node_10,8,0
7220,802,2,Node_06,8,0
7221,802,3,Node_11,8,0
7222,802,4,Node_03+Node_14,10,0
7223,802,5,Node_02+Node_15,10,0
7224,802,6,Node_05+Node_12,10,0
7225,802,7,Node_08+Node_09,10,0
7226,802,8,Node_01+Node_04+Node_13+Node_16,12,0
7227,803,0,Node_07,8,0
7228,803,1,Node_10,8,0
7229,803,2,Node_06,8,0
7230,803,3,Node_11,8,0
7231,803,4,Node_03+Node_14,10,0
7232,803,5,Node_02+Node_15,10,0
7233,803,6,Node_05+Node_12,10,0
7234,803,7,Node_08+Node_09,10,0
7235,803,8,Node_01+Node_04+Node_13+Node_16,12,0
7236,804,0,Node_07,8,0
7237,804,1,Node_10,8,0
7238,804,2,Node_06,8,0
7239,804,3,Node_11,8,0
7240,804,4,Node_03+Node_14,10,0
7241,804,5,Node_02+Node_15,10,0
7242,804,6,Node_05+Node_12,10,0
7243,804,7,Node_08+Node_09,10,0
7244,804,8,Node_01+Node_04+Node_13+Node_16,12,0
7245,805,0,Node_07,8,0
7246,805,1,Node_10,8,0
7247,805,2,Node_06,8,0
7248,805,3,Node_11,8,0
7249,805,4,Node_03+Node_14,10,0
7250,805,5,Node_02+Node_15,10,0
7251,805,6,Node_05+Node_12,10,0
7252,805,7,Node_08+Node_09,10,0
7253,805,8,Node_01+Node_04+Node_13+Node_16,12,0
7254,806,0,Node_07,8,0
7255,806,1,Node_10,8,0
7256,806,2,Node_06,8,0
7257,806,3,Node_11,8,0
7258,806,4,Node_03+Node_14,10,0
7259,806,5,Node_02+Node_15,10,0
7260,806,6,Node_05+Node_12,10,0
7261,806,7,Node_08+Node_09,10,0
7262,806,8,Node_01+Node_04+Node_13+Node_16,12,0
7263,807,0,Node_07,8,0
7264,807,1,Node_10,8,0
7265,807,2,Node_06,8,0
7266,807,3,Node_11,8,0
7267,807,4,Node_03+Node_14,10,0
7268,807,5,Node_02+Node_15,10,0
7269,807,6,Node_05+Node_12,10,0
7270,807,7,Node_08+Node_09,10,0
7271,807,8,Node_01+Node_04+Node_13+Node_16,12,0
7272,808,0,Node_07,8,0
7273,808,1,Node_10,8,0
7274,808,2,Node_06,8,0
7275,808,3,Node_11,8,0
7276,808,4,Node_03+Node_14,10,0
7277,808,5,Node_02+Node_15,10,0
7278,808,6,Node_05+Node_12,10,0
7279,808,7,Node_08+Node_09,10,0
7280,808,8,Node_01+Node_04+Node_13+Node_16,12,0
7281,809,0,Node_07,8,0
7282,809,1,Node_10,8,0
7283,809,2,Node_06,8,0
7284,809,3,Node_11,8,0
7285,809,4,Node_03+Node_14,10,0
7286,809,5,Node_02+Node_15,10,0
7287,809,6,Node_05+Node_12,10,0
7288,809,7,Node_08+Node_09,10,0
7289,809,8,Node_01+Node_04+Node_13+Node_16,12,0
7290,810,0,Node_07,8,0
7291,810,1,Node_10,8,0
7292,810,2,Node_06,8,0
7293,810,3,Node_11,8,0
7294,810,4,Node_03+Node_14,10,0
7295,810,5,Node_02+Node_15,10,0
7296,810,6,Node_05+Node_12,10,0
7297,810,7,Node_08+Node_09,10,0
7298,810,8,Node_01+Node_04+Node_13+Node_16,12,0
7299,811,0,Node_07,8,0
7300,811,1,Node_10,8,0
7301,811,2,Node_06,8,0
7302,811,3,Node_11,8,0
7303,811,4,Node_03+Node_14,10,0
7304,811,5,Node_02+Node_15,10,0
7305,811,6,Node_05+Node_12,10,0
7306,811,7,Node_08+Node_09,10,0
7307,811,8,Node_01+Node_04+Node_13+Node_16,12,0
7308,812,0,Node_07,8,0
7309,812,1,Node_10,8,0
7310,812,2,Node_06,8,0
7311,812,3,Node_11,8,0
7312,812,4,Node_03+Node_14,10,0
7313,812,5,Node_02+Node_15,10,0
7314,812,6,Node_05+Node_12,10,0
7315,812,7,Node_08+Node_09,10,0
7316,812,8,Node_01+Node_04+Node_13+Node_16,12,0
7317,813,0,Node_07,8,0
7318,813,1,Node_10,8,0
7319,813,2,Node_06,8,0
7320,813,3,Node_11,8,0
7321,813,4,Node_03+Node_14,10,0
7322,813,5,Node_02+Node_15,10,0
7323,813,6,Node_05+Node_12,10,0
7324,813,7,Node_08+Node_09,10,0
7325,813,8,Node_01+Node_04+Node_13+Node_16,12,0
7326,814,0,Node_07,8,0
7327,814,1,Node_10,8,0
7328,814,2,Node_06,8,0
7329,814,3,Node_11,8,0
7330,814,4,Node_03+Node_14,10,0
7331,814,5,Node_02+Node_15,10,0
7332,814,6,Node_05+Node_12,10,0
7333,814,7,Node_08+Node_09,10,0
7334,814,8,Node_01+Node_04+Node_13+Node_16,12,0
7335,815,0,Node_07,8,0
7336,815,1,Node_10,8,0
7337,815,2,Node_06,8,0
7338,815,3,Node_11,8,0
7339,815,4,Node_03+Node_14,10,0
7340,815,5,Node_02+Node_15,10,0
7341,815,6,Node_05+Node_12,10,0
7342,815,7,Node_08+Node_09,10,0
7343,815,8,Node_01+Node_04+Node_13+Node_16,12,0
7344,816,0,Node_07,8,0
7345,816,1,Node_10,8,0
7346,816,2,Node_06,8,0
7347,816,3,Node_11,8,0
7348,816,4,Node_03+Node_14,10,0
7349,816,5,Node_02+Node_15,10,0
7350,816,6,Node_05+Node_12,10,0
7351,816,7,Node_08+Node_09,10,0
7352,816,8,Node_01+Node_04+Node_13+Node_16,12,0
7353,817,0,Node_07,8,0
7354,817,1,Node_10,8,0
7355,817,2,Node_06,8,0
7356,817,3,Node_11,8,0
7357,817,4,Node_03+Node_14,10,0
7358,817,5,Node_02+Node_15,10,0
7359,817,6,Node_05+Node_12,10,0
7360,817,7,Node_08+Node_09,10,0
7361,817,8,Node_01+Node_04+Node_13+Node_16,12,0
7362,818,0,Node_07,8,0
7363,818,1,Node_10,8,0
7364,818,2,Node_06,8,0
7365,818,3,Node_11,8,0
7366,818,4,Node_03+Node_14,10,0
7367,818,5,Node_02+Node_15,10,0
7368,818,6,Node_05+Node_12,10,0
7369,818,7,Node_08+Node_09,10,0
7370,818,8,Node_01+Node_04+Node_13+Node_16,12,0
7371,819,0,Node_07,8,0
7372,819,1,Node_10,8,0
7373,819,2,Node_06,8,0
7374,819,3,Node_11,8,0
7375,819,4,Node_03+Node_14,10,0
7376,819,5,Node_02+Node_15,10,0
7377,819,6,Node_05+Node_12,10,0
7378,819,7,Node_08+Node_09,10,0
7379,819,8,Node_01+Node_04+Node_13+Node_16,12,0
7380,820,0,Node_07,8,0
7381,820,1,Node_10,8,0
7382,820,2,Node_06,8,0
7383,820,3,Node_11,8,0
7384,820,4,Node_03+Node_14,10,0
7385,820,5,Node_02+Node_15,10,0
7386,820,6,Node_05+Node_12,10,0
7387,820,7,Node_08+Node_09,10,0
7388,820,8,Node_01+Node_04+Node_13+Node_16,12,0
7389,821,0,Node_07,8,0
7390,821,1,Node_10,8,0
7391,821,2,Node_06,8,0
7392,821,3,Node_11,8,0
7393,821,4,Node_03+Node_14,10,0
7394,821,5,Node_02+Node_15,10,0
7395,821,6,Node_05+Node_12,10,0
7396,821,7,Node_08+Node_09,10,0
7397,821,8,Node_01+Node_04+Node_13+Node_16,12,0
7398,822,0,Node_07,8,0
7399,822,1,Node_10,8,0
7400,822,2,Node_06,8,0
7401,822,3,Node_11,8,0
7402,822,4,Node_03+Node_14,10,0
7403,822,5,Node_02+Node_15,10,0
7404,822,6,Node_05+Node_12,10,0
7405,822,7,Node_08+Node_09,10,0
7406,822,8,Node_01+Node_04+Node_13+Node_16,12,0
7407,823,0,Node_07,8,0
7408,823,1,Node_10,8,0
7409,823,2,Node_06,8,0
7410,823,3,Node_11,8,0
7411,823,4,Node_03+Node_14,10,0
7412,823,5,Node_02+Node_15,10,0
7413,823,6,Node_05+Node_12,10,0
7414,823,7,Node_08+Node_09,10,0
7415,823,8,Node_01+Node_04+Node_13+Node_16,12,0
7416,824,0,Node_07,8,0
7417,824,1,Node_10,8,0
7418,824,2,Node_06,8,0
7419,824,3,Node_11,8,0
7420,824,4,Node_03+Node_14,10,0
7421,824,5,Node_02+Node_15,10,0
7422,824,6,Node_05+Node_12,10,0
7423,824,7,Node_08+Node_09,10,0
7424,824,8,Node_01+Node_04+Node_13+Node_16,12,0
7425,825,0,Node_07,8,0
7426,825,1,Node_10,8,0
7427,825,2,Node_06,8,0
7428,825,3,Node_11,8,0
7429,825,4,Node_03+Node_14,10,0
7430,825,5,Node_02+Node_15,10,0
7431,825,6,Node_05+Node_12,10,0
7432,825,7,Node_08+Node_09,10,0
7433,825,8,Node_01+Node_04+Node_13+Node_16,12,0
7434,826,0,Node_07,8,0
7435,826,1,Node_10,8,0
7436,826,2,Node_06,8,0
7437,826,3,Node_11,8,0
7438,826,4,Node_03+Node_14,10,0
7439,826,5,Node_02+Node_15,10,0
7440,826,6,Node_05+Node_12,10,0
7441,826,7,Node_08+Node_09,10,0
7442,826,8,Node_01+Node_04+Node_13+Node_16,12,0
7443,827,0,Node_07,8,0
7444,827,1,Node_10,8,0
7445,827,2,Node_06,8,0
7446,827,3,Node_11,8,0
7447,827,4,Node_03+Node_14,10,0
7448,827,5,Node_02+Node_15,10,0
7449,827,6,Node_05+Node_12,10,0
7450,827,7,Node_08+Node_09,10,0
7451,827,8,Node_01+Node_04+Node_13+Node_16,12,0
7452,828,0,Node_07,8,0
7453,828,1,Node_10,8,0
7454,828,2,Node_06,8,0
7455,828,3,Node_11,8,0
7456,828,4,Node_03+Node_14,10,0
7457,828,5,Node_02+Node_15,10,0
7458,828,6,Node_05+Node_12,10,0
7459,828,7,Node_08+Node_09,10,0
7460,828,8,Node_01+Node_04+Node_13+Node_16,12,0
7461,829,0,Node_07,8,0
7462,829,1,Node_10,8,0
7463,829,2,Node_06,8,0
7464,829,3,Node_11,8,0
7465,829,4,Node_03+Node_14,10,0
7466,829,5,Node_02+Node_15,10,0
7467,829,6,Node_05+Node_12,10,0
7468,829,7,Node_08+Node_09,10,0
7469,829,8,Node_01+Node_04+Node_13+Node_16,12,0
7470,830,0,Node_07,8,0
7471,830,1,Node_10,8,0
7472,830,2,Node_06,8,0
7473,830,3,Node_11,8,0
7474,830,4,Node_03+Node_14,10,0
7475,830,5,Node_02+Node_15,10,0
7476,830,6,Node_05+Node_12,10,0
7477,830,7,Node_08+Node_09,10,0
7478,830,8,Node_01+Node_04+Node_13+Node_16,12,0
7479,831,0,Node_07,8,0
7480,831,1,Node_10,8,0
7481,831,2,Node_06,8,0
7482,831,3,Node_11,8,0
7483,831,4,Node_03+Node_14,10,0
7484,831,5,Node_02+Node_15,10,0
7485,831,6,Node_05+Node_12,10,0
7486,831,7,Node_08+Node_09,10,0
7487,831,8,Node_01+Node_04+Node_13+Node_16,12,0
7488,832,0,Node_07,8,0
7489,832,1,Node_10,8,0
7490,832,2,Node_06,8,0
7491,832,3,Node_11,8,0
7492,832,4,Node_03+Node_14,10,0
7493,832,5,Node_02+Node_15,10,0
7494,832,6,Node_05+Node_12,10,0
7495,832,7,Node_08+Node_09,10,0
7496,832,8,Node_01+Node_04+Node_13+Node_16,12,0
7497,833,0,Node_07,8,0
7498,833,1,Node_10,8,0
7499,833,2,Node_06,8,0
7500,833,3,Node_11,8,0
7501,833,4,Node_03+Node_14,10,0
7502,833,5,Node_02+Node_15,10,0
7503,833,6,Node_05+Node_12,10,0
7504,833,7,Node_08+Node_09,10,0
7505,833,8,Node_01+Node_04+Node_13+Node_16,12,0
7506,834,0,Node_07,8,0
7507,834,1,Node_10,8,0
7508,834,2,Node_06,8,0
7509,834,3,Node_11,8,0
7510,834,4,Node_03+Node_14,10,0
7511,834,5,Node_02+Node_15,10,0
7512,834,6,Node_05+Node_12,10,0
7513,834,7,Node_08+Node_09,10,0
7514,834,8,Node_01+Node_04+Node_13+Node_16,12,0
7515,835,0,Node_07,8,0
7516,835,1,Node_10,8,0
7517,835,2,Node_06,8,0
7518,835,3,Node_11,8,0
7519,835,4,Node_03+Node_14,10,0
7520,835,5,Node_02+Node_15,10,0
7521,835,6,Node_05+Node_12,10,0
7522,835,7,Node_08+Node_09,10,0
7523,835,8,Node_01+Node_04+Node_13+Node_16,12,0
7524,836,0,Node_07,8,0
7525,836,1,Node_10,8,0
7526,836,2,Node_06,8,0
7527,836,3,Node_11,8,0
7528,836,4,Node_03+Node_14,10,0
7529,836,5,Node_02+Node_15,10,0
7530,836,6,Node_05+Node_12,10,0
7531,836,7,Node_08+Node_09,10,0
7532,836,8,Node_01+Node_04+Node_13+Node_16,12,0
7533,837,0,Node_07,8,0
7534,837,1,Node_10,8,0
7535,837,2,Node_06,8,0
7536,837,3,Node_11,8,0
7537,837,4,Node_03+Node_14,10,0
7538,837,5,Node_02+Node_15,10,0
7539,837,6,Node_05+Node_12,10,0
7540,837,7,Node_08+Node_09,10,0
7541,837,8,Node_01+Node_04+Node_13+Node_16,12,0
7542,838,0,Node_07,8,0
7543,838,1,Node_10,8,0
7544,838,2,Node_06,8,0
7545,838,3,Node_11,8,0
7546,838,4,Node_03+Node_14,10,0
7547,838,5,Node_02+Node_15,10,0
7548,838,6,Node_05+Node_12,10,0
7549,838,7,Node_08+Node_09,10,0
7550,838,8,Node_01+Node_04+Node_13+Node_16,12,0
7551,839,0,Node_07,8,0
7552,839,1,Node_10,8,0
7553,839,2,Node_06,8,0
7554,839,3,Node_11,8,0
7555,839,4,Node_03+Node_14,10,0
7556,839,5,Node_02+Node_15,10,0
7557,839,6,Node_05+Node_12,10,0
7558,839,7,Node_08+Node_09,10,0
7559,839,8,Node_01+Node_04+Node_13+Node_16,12,0
7560,840,0,Node_07,8,0
7561,840,1,Node_10,8,0
7562,840,2,Node_06,8,0
7563,840,3,Node_11,8,0
7564,840,4,Node_03+Node_14,10,0
7565,840,5,Node_02+Node_15,10,0
7566,840,6,Node_05+Node_12,10,0
7567,840,7,Node_08+Node_09,10,0
7568,840,8,Node_01+Node_04+Node_13+Node_16,12,0
7569,841,0,Node_07,8,0
7570,841,1,Node_10,8,0
7571,841,2,Node_06,8,0
7572,841,3,Node_11,8,0
7573,841,4,Node_03+Node_14,10,0
7574,841,5,Node_02+Node_15,10,0
7575,841,6,Node_05+Node_12,10,0
7576,841,7,Node_08+Node_09,10,0
7577,841,8,Node_01+Node_04+Node_13+Node_16,12,0
7578,842,0,Node_07,8,0
7579,842,1,Node_10,8,0
7580,842,2,Node_06,8,0
7581,842,3,Node_11,8,0
7582,842,4,Node_03+Node_14,10,0
7583,842,5,Node_02+Node_15,10,0
7584,842,6,Node_05+Node_12,10,0
7585,842,7,Node_08+Node_09,10,0
7586,842,8,Node_01+Node_04+Node_13+Node_16,12,0
7587,843,0,Node_07,8,0
7588,843,1,Node_10,8,0
7589,843,2,Node_06,8,0
7590,843,3,Node_11,8,0
7591,843,4,Node_03+Node_14,10,0
7592,843,5,Node_02+Node_15,10,0
7593,843,6,Node_05+Node_12,10,0
7594,843,7,Node_08+Node_09,10,0
7595,843,8,Node_01+Node_04+Node_13+Node_16,12,0
7596,844,0,Node_07,8,0
7597,844,1,Node_10,8,0
7598,844,2,Node_06,8,0
7599,844,3,Node_11,8,0
7600,844,4,Node_03+Node_14,10,0
7601,844,5,Node_02+Node_15,10,0
7602,844,6,Node_05+Node_12,10,0
7603,844,7,Node_08+Node_09,10,0
7604,844,8,Node_01+Node_04+Node_13+Node_16,12,0
7605,845,0,Node_07,8,0
7606,845,1,Node_10,8,0
7607,845,2,Node_06,8,0
7608,845,3,Node_11,8,0
7609,845,4,Node_03+Node_14,10,0
7610,845,5,Node_02+Node_15,10,0
7611,845,6,Node_05+Node_12,10,0
7612,845,7,Node_08+Node_09,10,0
7613,845,8,Node_01+Node_04+Node_13+Node_16,12,0
7614,846,0,Node_07,8,0
7615,846,1,Node_10,8,0
7616,846,2,Node_06,8,0
7617,846,3,Node_11,8,0
7618,846,4,Node_03+Node_14,10,0
7619,846,5,Node_02+Node_15,10,0
7620,846,6,Node_05+Node_12,10,0
7621,846,7,Node_08+Node_09,10,0
7622,846,8,Node_01+Node_04+Node_13+Node_16,12,0
7623,847,0,Node_07,8,0
7624,847,1,Node_10,8,0
7625,847,2,Node_06,8,0
7626,847,3,Node_11,8,0
7627,847,4,Node_03+Node_14,10,0
7628,847,5,Node_02+Node_15,10,0
7629,847,6,Node_05+Node_12,10,0
7630,847,7,Node_08+Node_09,10,0
7631,847,8,Node_01+Node_04+Node_13+Node_16,12,0
7632,848,0,Node_07,8,0
7633,848,1,Node_10,8,0
7634,848,2,Node_06,8,0
7635,848,3,Node_11,8,0
7636,848,4,Node_03+Node_14,10,0
7637,848,5,Node_02+Node_15,10,0
7638,848,6,Node_05+Node_12,10,0
7639,848,7,Node_08+Node_09,10,0
7640,848,8,Node_01+Node_04+Node_13+Node_16,12,0
7641,849,0,Node_07,8,0
7642,849,1,Node_10,8,0
7643,849,2,Node_06,8,0
7644,849,3,Node_11,8,0
7645,849,4,Node_03+Node_14,10,0
7646,849,5,Node_02+Node_15,10,0
7647,849,6,Node_05+Node_12,10,0
7648,849,7,Node_08+Node_09,10,0
7649,849,8,Node_01+Node_04+Node_13+Node_16,12,0
7650,850,0,Node_07,8,0
7651,850,1,Node_10,8,0
7652,850,2,Node_06,8,0
7653,850,3,Node_11,8,0
7654,850,4,Node_03+Node_14,10,0
7655,850,5,Node_02+Node_15,10,0
7656,850,6,Node_05+Node_12,10,0
7657,850,7,Node_08+Node_09,10,0
7658,850,8,Node_01+Node_04+Node_13+Node_16,12,0
7659,851,0,Node_07,8,0
7660,851,1,Node_10,8,0
7661,851,2,Node_06,8,0
7662,851,3,Node_11,8,0
7663,851,4,Node_03+Node_14,10,0
7664,851,5,Node_02+Node_15,10,0
7665,851,6,Node_05+Node_12,10,0
7666,851,7,Node_08+Node_09,10,0
7667,851,8,Node_01+Node_04+Node_13+Node_16,12,0
7668,852,0,Node_07,8,0
7669,852,1,Node_10,8,0
7670,852,2,Node_06,8,0
7671,852,3,Node_11,8,0
7672,852,4,Node_03+Node_14,10,0
7673,852,5,Node_02+Node_15,10,0
7674,852,6,Node_05+Node_12,10,0
7675,852,7,Node_08+Node_09,10,0
7676,852,8,Node_01+Node_04+Node_13+Node_16,12,0
7677,853,0,Node_07,8,0
7678,853,1,Node_10,8,0
7679,853,2,Node_06,8,0
7680,853,3,Node_11,8,0
7681,853,4,Node_03+Node_14,10,0
7682,853,5,Node_02+Node_15,10,0
7683,853,6,Node_05+Node_12,10,0
7684,853,7,Node_08+Node_09,10,0
7685,853,8,Node_01+Node_04+Node_13+Node_16,12,0
7686,854,0,Node_07,8,0
7687,854,1,Node_10,8,0
7688,854,2,Node_06,8,0
7689,854,3,Node_11,8,0
7690,854,4,Node_03+Node_14,10,0
7691,854,5,Node_02+Node_15,10,0
7692,854,6,Node_05+Node_12,10,0
7693,854,7,Node_08+Node_09,10,0
7694,854,8,Node_01+Node_04+Node_13+Node_16,12,0
7695,855,0,Node_07,8,0
7696,855,1,Node_10,8,0
7697,855,2,Node_06,8,0
7698,855,3,Node_11,8,0
7699,855,4,Node_03+Node_14,10,0
7700,855,5,Node_02+Node_15,10,0
7701,855,6,Node_05+Node_12,10,0
7702,855,7,Node_08+Node_09,10,0
7703,855,8,Node_01+Node_04+Node_13+Node_16,12,0
7704,856,0,Node_07,8,0
7705,856,1,Node_10,8,0
7706,856,2,Node_06,8,0
7707,856,3,Node_11,8,0
7708,856,4,Node_03+Node_14,10,0
7709,856,5,Node_02+Node_15,10,0
7710,856,6,Node_05+Node_12,10,0
7711,856,7,Node_08+Node_09,10,0
7712,856,8,Node_01+Node_04+Node_13+Node_16,12,0
7713,857,0,Node_07,8,0
7714,857,1,Node_10,8,0
7715,857,2,Node_06,8,0
7716,857,3,Node_11,8,0
7717,857,4,Node_03+Node_14,10,0
7718,857,5,Node_02+Node_15,10,0
7719,857,6,Node_05+Node_12,10,0
7720,857,7,Node_08+Node_09,10,0
7721,857,8,Node_01+Node_04+Node_13+Node_16,12,0
7722,858,0,Node_07,8,0
7723,858,1,Node_10,8,0
7724,858,2,Node_06,8,0
7725,858,3,Node_11,8,0
7726,858,4,Node_03+Node_14,10,0
7727,858,5,Node_02+Node_15,10,0
7728,858,6,Node_05+Node_12,10,0
7729,858,7,Node_08+Node_09,10,0
7730,858,8,Node_01+Node_04+Node_13+Node_16,12,0
7731,859,0,Node_07,8,0
7732,859,1,Node_10,8,0
7733,859,2,Node_06,8,0
7734,859,3,Node_11,8,0
7735,859,4,Node_03+Node_14,10,0
7736,859,5,Node_02+Node_15,10,0
7737,859,6,Node_05+Node_12,10,0
7738,859,7,Node_08+Node_09,10,0
7739,859,8,Node_01+Node_04+Node_13+Node_16,12,0
7740,860,0,Node_07,8,0
7741,860,1,Node_10,8,0
7742,860,2,Node_06,8,0
7743,860,3,Node_11,8,0
7744,860,4,Node_03+Node_14,10,0
7745,860,5,Node_02+Node_15,10,0
7746,860,6,Node_05+Node_12,10,0
7747,860,7,Node_08+Node_09,10,0
7748,860,8,Node_01+Node_04+Node_13+Node_16,12,0
7749,861,0,Node_07,8,0
7750,861,1,Node_10,8,0
7751,861,2,Node_06,8,0
7752,861,3,Node_11,8,0
7753,861,4,Node_03+Node_14,10,0
7754,861,5,Node_02+Node_15,10,0
7755,861,6,Node_05+Node_12,10,0
7756,861,7,Node_08+Node_09,10,0
7757,861,8,Node_01+Node_04+Node_13+Node_16,12,0
7758,862,0,Node_07,8,0
7759,862,1,Node_10,8,0
7760,862,2,Node_06,8,0
7761,862,3,Node_11,8,0
7762,862,4,Node_03+Node_14,10,0
7763,862,5,Node_02+Node_15,10,0
7764,862,6,Node_05+Node_12,10,0
7765,862,7,Node_08+Node_09,10,0
7766,862,8,Node_01+Node_04+Node_13+Node_16,12,0
7767,863,0,Node_07,8,0
7768,863,1,Node_10,8,0
7769,863,2,Node_06,8,0
7770,863,3,Node_11,8,0
7771,863,4,Node_03+Node_14,10,0
7772,863,5,Node_02+Node_15,10,0
7773,863,6,Node_05+Node_12,10,0
7774,863,7,Node_08+Node_09,10,0
7775,863,8,Node_01+Node_04+Node_13+Node_16,12,0
7776,864,0,Node_07,8,0
7777,864,1,Node_10,8,0
7778,864,2,Node_06,8,0
7779,864,3,Node_11,8,0
7780,864,4,Node_03+Node_14,10,0
7781,864,5,Node_02+Node_15,10,0
7782,864,6,Node_05+Node_12,10,0
7783,864,7,Node_08+Node_09,10,0
7784,864,8,Node_01+Node_04+Node_13+Node_16,12,0
7785,865,0,Node_07,8,0
7786,865,1,Node_10,8,0
7787,865,2,Node_06,8,0
7788,865,3,Node_11,8,0
7789,865,4,Node_03+Node_14,10,0
7790,865,5,Node_02+Node_15,10,0
7791,865,6,Node_05+Node_12,10,0
7792,865,7,Node_08+Node_09,10,0
7793,865,8,Node_01+Node_04+Node_13+Node_16,12,0
7794,866,0,Node_07,8,0
7795,866,1,Node_10,8,0
7796,866,2,Node_06,8,0
7797,866,3,Node_11,8,0
7798,866,4,Node_03+Node_14,10,0
7799,866,5,Node_02+Node_15,10,0
7800,866,6,Node_05+Node_12,10,0
7801,866,7,Node_08+Node_09,10,0
7802,866,8,Node_01+Node_04+Node_13+Node_16,12,0
7803,867,0,Node_07,8,0
7804,867,1,Node_10,8,0
7805,867,2,Node_06,8,0
7806,867,3,Node_11,8,0
7807,867,4,Node_03+Node_14,10,0
7808,867,5,Node_02+Node_15,10,0
7809,867,6,Node_05+Node_12,10,0
7810,867,7,Node_08+Node_09,10,0
7811,867,8,Node_01+Node_04+Node_13+Node_16,12,0
7812,868,0,Node_07,8,0
7813,868,1,Node_10,8,0
7814,868,2,Node_06,8,0
7815,868,3,Node_11,8,0
7816,868,4,Node_03+Node_14,10,0
7817,868,5,Node_02+Node_15,10,0
7818,868,6,Node_05+Node_12,10,0
7819,868,7,Node_08+Node_09,10,0
7820,868,8,Node_01+Node_04+Node_13+Node_16,12,0
7821,869,0,Node_07,8,0
7822,869,1,Node_10,8,0
7823,869,2,Node_06,8,0
7824,869,3,Node_11,8,0
7825,869,4,Node_03+Node_14,10,0
7826,869,5,Node_02+Node_15,10,0
7827,869,6,Node_05+Node_12,10,0
7828,869,7,Node_08+Node_09,10,0
7829,869,8,Node_01+Node_04+Node_13+Node_16,12,0
7830,870,0,Node_07,8,0
7831,870,1,Node_10,8,0
7832,870,2,Node_06,8,0
7833,870,3,Node_11,8,0
7834,870,4,Node_03+Node_14,10,0
7835,870,5,Node_02+Node_15,10,0
7836,870,6,Node_05+Node_12,10,0
7837,870,7,Node_08+Node_09,10,0
7838,870,8,Node_01+Node_04+Node_13+Node_16,12,0
7839,871,0,Node_07,8,0
7840,871,1,Node_10,8,0
7841,871,2,Node_06,8,0
7842,871,3,Node_11,8,0
7843,871,4,Node_03+Node_14,10,0
7844,871,5,Node_02+Node_15,10,0
7845,871,6,Node_05+Node_12,10,0
7846,871,7,Node_08+Node_09,10,0
7847,871,8,Node_01+Node_04+Node_13+Node_16,12,0
7848,872,0,Node_07,8,0
7849,872,1,Node_10,8,0
7850,872,2,Node_06,8,0
7851,872,3,Node_11,8,0
7852,872,4,Node_03+Node_14,10,0
7853,872,5,Node_02+Node_15,10,0
7854,872,6,Node_05+Node_12,10,0
7855,872,7,Node_08+Node_09,10,0
7856,872,8,Node_01+Node_04+Node_13+Node_16,12,0
7857,873,0,Node_07,8,0
7858,873,1,Node_10,8,0
7859,873,2,Node_06,8,0
7860,873,3,Node_11,8,0
7861,873,4,Node_03+Node_14,10,0
7862,873,5,Node_02+Node_15,10,0
7863,873,6,Node_05+Node_12,10,0
7864,873,7,Node_08+Node_09,10,0
7865,873,8,Node_01+Node_04+Node_13+Node_16,12,0
7866,874,0,Node_07,8,0
7867,874,1,Node_10,8,0
7868,874,2,Node_06,8,0
7869,874,3,Node_11,8,0
7870,874,4,Node_03+Node_14,10,0
7871,874,5,Node_02+Node_15,10,0
7872,874,6,Node_05+Node_12,10,0
7873,874,7,Node_08+Node_09,10,0
7874,874,8,Node_01+Node_04+Node_13+Node_16,12,0
7875,875,0,Node_07,8,0
7876,875,1,Node_10,8,0
7877,875,2,Node_06,8,0
7878,875,3,Node_11,8,0
7879,875,4,Node_03+Node_14,10,0
7880,875,5,Node_02+Node_15,10,0
7881,875,6,Node_05+Node_12,10,0
7882,875,7,Node_08+Node_09,10,0
7883,875,8,Node_01+Node_04+Node_13+Node_16,12,0
7884,876,0,Node_07,8,0
7885,876,1,Node_10,8,0
7886,876,2,Node_06,8,0
7887,876,3,Node_11,8,0
7888,876,4,Node_03+Node_14,10,0
7889,876,5,Node_02+Node_15,10,0
7890,876,6,Node_05+Node_12,10,0
7891,876,7,Node_08+Node_09,10,0
7892,876,8,Node_01+Node_04+Node_13+Node_16,12,0
7893,877,0,Node_07,8,0
7894,877,1,Node_10,8,0
7895,877,2,Node_06,8,0
7896,877,3,Node_11,8,0
7897,877,4,Node_03+Node_14,10,0
7898,877,5,Node_02+Node_15,10,0
7899,877,6,Node_05+Node_12,10,0
7900,877,7,Node_08+Node_09,10,0
7901,877,8,Node_01+Node_04+Node_13+Node_16,12,0
7902,878,0,Node_07,8,0
7903,878,1,Node_10,8,0
7904,878,2,Node_06,8,0
7905,878,3,Node_11,8,0
7906,878,4,Node_03+Node_14,10,0
7907,878,5,Node_02+Node_15,10,0
7908,878,6,Node_05+Node_12,10,0
7909,878,7,Node_08+Node_09,10,0
7910,878,8,Node_01+Node_04+Node_13+Node_16,12,0
7911,879,0,Node_07,8,0
7912,879,1,Node_10,8,0
7913,879,2,Node_06,8,0
7914,879,3,Node_11,8,0
7915,879,4,Node_03+Node_14,10,0
7916,879,5,Node_02+Node_15,10,0
7917,879,6,Node_05+Node_12,10,0
7918,879,7,Node_08+Node_09,10,0
7919,879,8,Node_01+Node_04+Node_13+Node_16,12,0
7920,880,0,Node_07,8,0
7921,880,1,Node_10,8,0
7922,880,2,Node_06,8,0
7923,880,3,Node_11,8,0
7924,880,4,Node_03+Node_14,10,0
7925,880,5,Node_02+Node_15,10,0
7926,880,6,Node_05+Node_12,10,0
7927,880,7,Node_08+Node_09,10,0
7928,880,8,Node_01+Node_04+Node_13+Node_16,12,0
7929,881,0,Node_07,8,0
7930,881,1,Node_10,8,0
7931,881,2,Node_06,8,0
7932,881,3,Node_11,8,0
7933,881,4,Node_03+Node_14,10,0
7934,881,5,Node_02+Node_15,10,0
7935,881,6,Node_05+Node_12,10,0
7936,881,7,Node_08+Node_09,10,0
7937,881,8,Node_01+Node_04+Node_13+Node_16,12,0
7938,882,0,Node_07,8,0
7939,882,1,Node_10,8,0
7940,882,2,Node_06,8,0
7941,882,3,Node_11,8,0
7942,882,4,Node_03+Node_14,10,0
7943,882,5,Node_02+Node_15,10,0
7944,882,6,Node_05+Node_12,10,0
7945,882,7,Node_08+Node_09,10,0
7946,882,8,Node_01+Node_04+Node_13+Node_16,12,0
7947,883,0,Node_07,8,0
7948,883,1,Node_10,8,0
7949,883,2,Node_06,8,0
7950,883,3,Node_11,8,0
7951,883,4,Node_03+Node_14,10,0
7952,883,5,Node_02+Node_15,10,0
7953,883,6,Node_05+Node_12,10,0
7954,883,7,Node_08+Node_09,10,0
7955,883,8,Node_01+Node_04+Node_13+Node_16,12,0
7956,884,0,Node_07,8,0
7957,884,1,Node_10,8,0
7958,884,2,Node_06,8,0
7959,884,3,Node_11,8,0
7960,884,4,Node_03+Node_14,10,0
7961,884,5,Node_02+Node_15,10,0
7962,884,6,Node_05+Node_12,10,0
7963,884,7,Node_08+Node_09,10,0
7964,884,8,Node_01+Node_04+Node_13+Node_16,12,0
7965,885,0,Node_07,8,0
7966,885,1,Node_10,8,0
7967,885,2,Node_06,8,0
7968,885,3,Node_11,8,0
7969,885,4,Node_03+Node_14,10,0
7970,885,5,Node_02+Node_15,10,0
7971,885,6,Node_05+Node_12,10,0
7972,885,7,Node_08+Node_09,10,0
7973,885,8,Node_01+Node_04+Node_13+Node_16,12,0
7974,886,0,Node_07,8,0
7975,886,1,Node_10,8,0
7976,886,2,Node_06,8,0
7977,886,3,Node_11,8,0
7978,886,4,Node_03+Node_14,10,0
7979,886,5,Node_02+Node_15,10,0
7980,886,6,Node_05+Node_12,10,0
7981,886,7,Node_08+Node_09,10,0
7982,886,8,Node_01+Node_04+Node_13+Node_16,12,0
7983,887,0,Node_07,8,0
7984,887,1,Node_10,8,0
7985,887,2,Node_06,8,0
7986,887,3,Node_11,8,0
7987,887,4,Node_03+Node_14,10,0
7988,887,5,Node_02+Node_15,10,0
7989,887,6,Node_05+Node_12,10,0
7990,887,7,Node_08+Node_09,10,0
7991,887,8,Node_01+Node_04+Node_13+Node_16,12,0
7992,888,0,Node_07,8,0
7993,888,1,Node_10,8,0
7994,888,2,Node_06,8,0
7995,888,3,Node_11,8,0
7996,888,4,Node_03+Node_14,10,0
7997,888,5,Node_02+Node_15,10,0
7998,888,6,Node_05+Node_12,10,0
7999,888,7,Node_08+Node_09,10,0
8000,888,8,Node_01+Node_04+Node_13+Node_16,12,0
8001,889,0,Node_07,8,0
8002,889,1,Node_10,8,0
8003,889,2,Node_06,8,0
8004,889,3,Node_11,8,0
8005,889,4,Node_03+Node_14,10,0
8006,889,5,Node_02+Node_15,10,0
8007,889,6,Node_05+Node_12,10,0
8008,889,7,Node_08+Node_09,10,0
8009,889,8,Node_01+Node_04+Node_13+Node_16,12,0
8010,890,0,Node_07,8,0
8011,890,1,Node_10,8,0
8012,890,2,Node_06,8,0
8013,890,3,Node_11,8,0
8014,890,4,Node_03+Node_14,10,0
8015,890,5,Node_02+Node_15,10,0
8016,890,6,Node_05+Node_12,10,0
8017,890,7,Node_08+Node_09,10,0
8018,890,8,Node_01+Node_04+Node_13+Node_16,12,0
8019,891,0,Node_07,8,0
8020,891,1,Node_10,8,0
8021,891,2,Node_06,8,0
8022,891,3,Node_11,8,0
8023,891,4,Node_03+Node_14,10,0
8024,891,5,Node_02+Node_15,10,0
8025,891,6,Node_05+Node_12,10,0
8026,891,7,Node_08+Node_09,10,0
8027,891,8,Node_01+Node_04+Node_13+Node_16,12,0
8028,892,0,Node_07,8,0
8029,892,1,Node_10,8,0
8030,892,2,Node_06,8,0
8031,892,3,Node_11,8,0
8032,892,4,Node_03+Node_14,10,0
8033,892,5,Node_02+Node_15,10,0
8034,892,6,Node_05+Node_12,10,0
8035,892,7,Node_08+Node_09,10,0
8036,892,8,Node_01+Node_04+Node_13+Node_16,12,0
8037,893,0,Node_07,8,0
8038,893,1,Node_10,8,0
8039,893,2,Node_06,8,0
8040,893,3,Node_11,8,0
8041,893,4,Node_03+Node_14,10,0
8042,893,5,Node_02+Node_15,10,0
8043,893,6,Node_05+Node_12,10,0
8044,893,7,Node_08+Node_09,10,0
8045,893,8,Node_01+Node_04+Node_13+Node_16,12,0
8046,894,0,Node_07,8,0
8047,894,1,Node_10,8,0
8048,894,2,Node_06,8,0
8049,894,3,Node_11,8,0
8050,894,4,Node_03+Node_14,10,0
8051,894,5,Node_02+Node_15,10,0
8052,894,6,Node_05+Node_12,10,0
8053,894,7,Node_08+Node_09,10,0
8054,894,8,Node_01+Node_04+Node_13+Node_16,12,0
8055,895,0,Node_07,8,0
8056,895,1,Node_10,8,0
8057,895,2,Node_06,8,0
8058,895,3,Node_11,8,0
8059,895,4,Node_03+Node_14,10,0
8060,895,5,Node_02+Node_15,10,0
8061,895,6,Node_05+Node_12,10,0
8062,895,7,Node_08+Node_09,10,0
8063,895,8,Node_01+Node_04+Node_13+Node_16,12,0
8064,896,0,Node_07,8,0
8065,896,1,Node_10,8,0
8066,896,2,Node_06,8,0
8067,896,3,Node_11,8,0
8068,896,4,Node_03+Node_14,10,0
8069,896,5,Node_02+Node_15,10,0
8070,896,6,Node_05+Node_12,10,0
8071,896,7,Node_08+Node_09,10,0
8072,896,8,Node_01+Node_04+Node_13+Node_16,12,0
8073,897,0,Node_07,8,0
8074,897,1,Node_10,8,0
8075,897,2,Node_06,8,0
8076,897,3,Node_11,8,0
8077,897,4,Node_03+Node_14,10,0
8078,897,5,Node_02+Node_15,10,0
8079,897,6,Node_05+Node_12,10,0
8080,897,7,Node_08+Node_09,10,0
8081,897,8,Node_01+Node_04+Node_13+Node_16,12,0
8082,898,0,Node_07,8,0
8083,898,1,Node_10,8,0
8084,898,2,Node_06,8,0
8085,898,3,Node_11,8,0
8086,898,4,Node_03+Node_14,10,0
8087,898,5,Node_02+Node_15,10,0
8088,898,6,Node_05+Node_12,10,0
8089,898,7,Node_08+Node_09,10,0
8090,898,8,Node_01+Node_04+Node_13+Node_16,12,0
8091,899,0,Node_07,8,0
8092,899,1,Node_10,8,0
8093,899,2,Node_06,8,0
8094,899,3,Node_11,8,0
8095,899,4,Node_03+Node_14,10,0
8096,899,5,Node_02+Node_15,10,0
8097,899,6,Node_05+Node_12,10,0
8098,899,7,Node_08+Node_09,10,0
8099,899,8,Node_01+Node_04+Node_13+Node_16,12,0
8100,900,0,Node_07,8,0
8101,900,1,Node_10,8,0
8102,900,2,Node_06,8,0
8103,900,3,Node_11,8,0
8104,900,4,Node_03+Node_14,10,0
8105,900,5,Node_02+Node_15,10,0
8106,900,6,Node_05+Node_12,10,0
8107,900,7,Node_08+Node_09,10,0
8108,900,8,Node_01+Node_04+Node_13+Node_16,12,0
8109,901,0,Node_07,8,0
8110,901,1,Node_10,8,0
8111,901,2,Node_06,8,0
8112,901,3,Node_11,8,0
8113,901,4,Node_03+Node_14,10,0
8114,901,5,Node_02+Node_15,10,0
8115,901,6,Node_05+Node_12,10,0
8116,901,7,Node_08+Node_09,10,0
8117,901,8,Node_01+Node_04+Node_13+Node_16,12,0
8118,902,0,Node_07,8,0
8119,902,1,Node_10,8,0
8120,902,2,Node_06,8,0
8121,902,3,Node_11,8,0
8122,902,4,Node_03+Node_14,10,0
8123,902,5,Node_02+Node_15,10,0
8124,902,6,Node_05+Node_12,10,0
8125,902,7,Node_08+Node_09,10,0
8126,902,8,Node_01+Node_04+Node_13+Node_16,12,0
8127,903,0,Node_07,8,0
8128,903,1,Node_10,8,0
8129,903,2,Node_06,8,0
8130,903,3,Node_11,8,0
8131,903,4,Node_03+Node_14,10,0
8132,903,5,Node_02+Node_15,10,0
8133,903,6,Node_05+Node_12,10,0
8134,903,7,Node_08+Node_09,10,0
8135,903,8,Node_01+Node_04+Node_13+Node_16,12,0
8136,904,0,Node_07,8,0
8137,904,1,Node_10,8,0
8138,904,2,Node_06,8,0
8139,904,3,Node_11,8,0
8140,904,4,Node_03+Node_14,10,0
8141,904,5,Node_02+Node_15,10,0
8142,904,6,Node_05+Node_12,10,0
8143,904,7,Node_08+Node_09,10,0
8144,904,8,Node_01+Node_04+Node_13+Node_16,12,0
8145,905,0,Node_07,8,0
8146,905,1,Node_10,8,0
8147,905,2,Node_06,8,0
8148,905,3,Node_11,8,0
8149,905,4,Node_03+Node_14,10,0
8150,905,5,Node_02+Node_15,10,0
8151,905,6,Node_05+Node_12,10,0
8152,905,7,Node_08+Node_09,10,0
8153,905,8,Node_01+Node_04+Node_13+Node_16,12,0
8154,906,0,Node_07,8,0
8155,906,1,Node_10,8,0
8156,906,2,Node_06,8,0
8157,906,3,Node_11,8,0
8158,906,4,Node_03+Node_14,10,0
8159,906,5,Node_02+Node_15,10,0
8160,906,6,Node_05+Node_12,10,0
8161,906,7,Node_08+Node_09,10,0
8162,906,8,Node_01+Node_04+Node_13+Node_16,12,0
8163,907,0,Node_07,8,0
8164,907,1,Node_10,8,0
8165,907,2,Node_06,8,0
8166,907,3,Node_11,8,0
8167,907,4,Node_03+Node_14,10,0
8168,907,5,Node_02+Node_15,10,0
8169,907,6,Node_05+Node_12,10,0
8170,907,7,Node_08+Node_09,10,0
8171,907,8,Node_01+Node_04+Node_13+Node_16,12,0
8172,908,0,Node_07,8,0
8173,908,1,Node_10,8,0
8174,908,2,Node_06,8,0
8175,908,3,Node_11,8,0
8176,908,4,Node_03+Node_14,10,0
8177,908,5,Node_02+Node_15,10,0
8178,908,6,Node_05+Node_12,10,0
8179,908,7,Node_08+Node_09,10,0
8180,908,8,Node_01+Node_04+Node_13+Node_16,12,0
8181,909,0,Node_07,8,0
8182,909,1,Node_10,8,0
8183,909,2,Node_06,8,0
8184,909,3,Node_11,8,0
8185,909,4,Node_03+Node_14,10,0
8186,909,5,Node_02+Node_15,10,0
8187,909,6,Node_05+Node_12,10,0
8188,909,7,Node_08+Node_09,10,0
8189,909,8,Node_01+Node_04+Node_13+Node_16,12,0
8190,910,0,Node_07,8,0
8191,910,1,Node_10,8,0
8192,910,2,Node_06,8,0
8193,910,3,Node_11,8,0
8194,910,4,Node_03+Node_14,10,0
8195,910,5,Node_02+Node_15,10,0
8196,910,6,Node_05+Node_12,10,0
8197,910,7,Node_08+Node_09,10,0
8198,910,8,Node_01+Node_04+Node_13+Node_16,12,0
8199,911,0,Node_07,8,0
8200,911,1,Node_10,8,0
8201,911,2,Node_06,8,0
8202,911,3,Node_11,8,0
8203,911,4,Node_03+Node_14,10,0
8204,911,5,Node_02+Node_15,10,0
8205,911,6,Node_05+Node_12,10,0
8206,911,7,Node_08+Node_09,10,0
8207,911,8,Node_01+Node_04+Node_13+Node_16,12,0
8208,912,0,Node_07,8,0
8209,912,1,Node_10,8,0
8210,912,2,Node_06,8,0
8211,912,3,Node_11,8,0
8212,912,4,Node_03+Node_14,10,0
8213,912,5,Node_02+Node_15,10,0
8214,912,6,Node_05+Node_12,10,0
8215,912,7,Node_08+Node_09,10,0
8216,912,8,Node_01+Node_04+Node_13+Node_16,12,0
8217,913,0,Node_07,8,0
8218,913,1,Node_10,8,0
8219,913,2,Node_06,8,0
8220,913,3,Node_11,8,0
8221,913,4,Node_03+Node_14,10,0
8222,913,5,Node_02+Node_15,10,0
8223,913,6,Node_05+Node_12,10,0
8224,913,7,Node_08+Node_09,10,0
8225,913,8,Node_01+Node_04+Node_13+Node_16,12,0
8226,914,0,Node_07,8,0
8227,914,1,Node_10,8,0
8228,914,2,Node_06,8,0
8229,914,3,Node_11,8,0
8230,914,4,Node_03+Node_14,10,0
8231,914,5,Node_02+Node_15,10,0
8232,914,6,Node_05+Node_12,10,0
8233,914,7,Node_08+Node_09,10,0
8234,914,8,Node_01+Node_04+Node_13+Node_16,12,0
8235,915,0,Node_07,8,0
8236,915,1,Node_10,8,0
8237,915,2,Node_06,8,0
8238,915,3,Node_11,8,0
8239,915,4,Node_03+Node_14,10,0
8240,915,5,Node_02+Node_15,10,0
8241,915,6,Node_05+Node_12,10,0
8242,915,7,Node_08+Node_09,10,0
8243,915,8,Node_01+Node_04+Node_13+Node_16,12,0
8244,916,0,Node_07,8,0
8245,916,1,Node_10,8,0
8246,916,2,Node_06,8,0
8247,916,3,Node_11,8,0
8248,916,4,Node_03+Node_14,10,0
8249,916,5,Node_02+Node_15,10,0
8250,916,6,Node_05+Node_12,10,0
8251,916,7,Node_08+Node_09,10,0
8252,916,8,Node_01+Node_04+Node_13+Node_16,12,0
8253,917,0,Node_07,8,0
8254,917,1,Node_10,8,0
8255,917,2,Node_06,8,0
8256,917,3,Node_11,8,0
8257,917,4,Node_03+Node_14,10,0
8258,917,5,Node_02+Node_15,10,0
8259,917,6,Node_05+Node_12,10,0
8260,917,7,Node_08+Node_09,10,0
8261,917,8,Node_01+Node_04+Node_13+Node_16,12,0
8262,918,0,Node_07,8,0
8263,918,1,Node_10,8,0
8264,918,2,Node_06,8,0
8265,918,3,Node_11,8,0
8266,918,4,Node_03+Node_14,10,0
8267,918,5,Node_02+Node_15,10,0
8268,918,6,Node_05+Node_12,10,0
8269,918,7,Node_08+Node_09,10,0
8270,918,8,Node_01+Node_04+Node_13+Node_16,12,0
8271,919,0,Node_07,8,0
8272,919,1,Node_10,8,0
8273,919,2,Node_06,8,0
8274,919,3,Node_11,8,0
8275,919,4,Node_03+Node_14,10,0
8276,919,5,Node_02+Node_15,10,0
8277,919,6,Node_05+Node_12,10,0
8278,919,7,Node_08+Node_09,10,0
8279,919,8,Node_01+Node_04+Node_13+Node_16,12,0
8280,920,0,Node_07,8,0
8281,920,1,Node_10,8,0
8282,920,2,Node_06,8,0
8283,920,3,Node_11,8,0
8284,920,4,Node_03+Node_14,10,0
8285,920,5,Node_02+Node_15,10,0
8286,920,6,Node_05+Node_12,10,0
8287,920,7,Node_08+Node_09,10,0
8288,920,8,Node_01+Node_04+Node_13+Node_16,12,0
8289,921,0,Node_07,8,0
8290,921,1,Node_10,8,0
8291,921,2,Node_06,8,0
8292,921,3,Node_11,8,0
8293,921,4,Node_03+Node_14,10,0
8294,921,5,Node_02+Node_15,10,0
8295,921,6,Node_05+Node_12,10,0
8296,921,7,Node_08+Node_09,10,0
8297,921,8,Node_01+Node_04+Node_13+Node_16,12,0
8298,922,0,Node_07,8,0
8299,922,1,Node_10,8,0
8300,922,2,Node_06,8,0
8301,922,3,Node_11,8,0
8302,922,4,Node_03+Node_14,10,0
8303,922,5,Node_02+Node_15,10,0
8304,922,6,Node_05+Node_12,10,0
8305,922,7,Node_08+Node_09,10,0
8306,922,8,Node_01+Node_04+Node_13+Node_16,12,0
8307,923,0,Node_07,8,0
8308,923,1,Node_10,8,0
8309,923,2,Node_06,8,0
8310,923,3,Node_11,8,0
8311,923,4,Node_03+Node_14,10,0
8312,923,5,Node_02+Node_15,10,0
8313,923,6,Node_05+Node_12,10,0
8314,923,7,Node_08+Node_09,10,0
8315,923,8,Node_01+Node_04+Node_13+Node_16,12,0
8316,924,0,Node_07,8,0
8317,924,1,Node_10,8,0
8318,924,2,Node_06,8,0
8319,924,3,Node_11,8,0
8320,924,4,Node_03+Node_14,10,0
8321,924,5,Node_02+Node_15,10,0
8322,924,6,Node_05+Node_12,10,0
8323,924,7,Node_08+Node_09,10,0
8324,924,8,Node_01+Node_04+Node_13+Node_16,12,0
8325,925,0,Node_07,8,0
8326,925,1,Node_10,8,0
8327,925,2,Node_06,8,0
8328,925,3,Node_11,8,0
8329,925,4,Node_03+Node_14,10,0
8330,925,5,Node_02+Node_15,10,0
8331,925,6,Node_05+Node_12,10,0
8332,925,7,Node_08+Node_09,10,0
8333,925,8,Node_01+Node_04+Node_13+Node_16,12,0
8334,926,0,Node_07,8,0
8335,926,1,Node_10,8,0
8336,926,2,Node_06,8,0
8337,926,3,Node_11,8,0
8338,926,4,Node_03+Node_14,10,0
8339,926,5,Node_02+Node_15,10,0
8340,926,6,Node_05+Node_12,10,0
8341,926,7,Node_08+Node_09,10,0
8342,926,8,Node_01+Node_04+Node_13+Node_16,12,0
8343,927,0,Node_07,8,0
8344,927,1,Node_10,8,0
8345,927,2,Node_06,8,0
8346,927,3,Node_11,8,0
8347,927,4,Node_03+Node_14,10,0
8348,927,5,Node_02+Node_15,10,0
8349,927,6,Node_05+Node_12,10,0
8350,927,7,Node_08+Node_09,10,0
8351,927,8,Node_01+Node_04+Node_13+Node_16,12,0
8352,928,0,Node_07,8,0
8353,928,1,Node_10,8,0
8354,928,2,Node_06,8,0
8355,928,3,Node_11,8,0
8356,928,4,Node_03+Node_14,10,0
8357,928,5,Node_02+Node_15,10,0
8358,928,6,Node_05+Node_12,10,0
8359,928,7,Node_08+Node_09,10,0
8360,928,8,Node_01+Node_04+Node_13+Node_16,12,0
8361,929,0,Node_07,8,0
8362,929,1,Node_10,8,0
8363,929,2,Node_06,8,0
8364,929,3,Node_11,8,0
8365,929,4,Node_03+Node_14,10,0
8366,929,5,Node_02+Node_15,10,0
8367,929,6,Node_05+Node_12,10,0
8368,929,7,Node_08+Node_09,10,0
8369,929,8,Node_01+Node_04+Node_13+Node_16,12,0
8370,930,0,Node_07,8,0
8371,930,1,Node_10,8,0
8372,930,2,Node_06,8,0
8373,930,3,Node_11,8,0
8374,930,4,Node_03+Node_14,10,0
8375,930,5,Node_02+Node_15,10,0
8376,930,6,Node_05+Node_12,10,0
8377,930,7,Node_08+Node_09,10,0
8378,930,8,Node_01+Node_04+Node_13+Node_16,12,0
8379,931,0,Node_07,8,0
8380,931,1,Node_10,8,0
8381,931,2,Node_06,8,0
8382,931,3,Node_11,8,0
8383,931,4,Node_03+Node_14,10,0
8384,931,5,Node_02+Node_15,10,0
8385,931,6,Node_05+Node_12,10,0
8386,931,7,Node_08+Node_09,10,0
8387,931,8,Node_01+Node_04+Node_13+Node_16,12,0
8388,932,0,Node_07,8,0
8389,932,1,Node_10,8,0
8390,932,2,Node_06,8,0
8391,932,3,Node_11,8,0
8392,932,4,Node_03+Node_14,10,0
8393,932,5,Node_02+Node_15,10,0
8394,932,6,Node_05+Node_12,10,0
8395,932,7,Node_08+Node_09,10,0
8396,932,8,Node_01+Node_04+Node_13+Node_16,12,0
8397,933,0,Node_07,8,0
8398,933,1,Node_10,8,0
8399,933,2,Node_06,8,0
8400,933,3,Node_11,8,0
8401,933,4,Node_03+Node_14,10,0
8402,933,5,Node_02+Node_15,10,0
8403,933,6,Node_05+Node_12,10,0
8404,933,7,Node_08+Node_09,10,0
8405,933,8,Node_01+Node_04+Node_13+Node_16,12,0
8406,934,0,Node_07,8,0
8407,934,1,Node_10,8,0
8408,934,2,Node_06,8,0
8409,934,3,Node_11,8,0
8410,934,4,Node_03+Node_14,10,0
8411,934,5,Node_02+Node_15,10,0
8412,934,6,Node_05+Node_12,10,0
8413,934,7,Node_08+Node_09,10,0
8414,934,8,Node_01+Node_04+Node_13+Node_16,12,0
8415,935,0,Node_07,8,0
8416,935,1,Node_10,8,0
8417,935,2,Node_06,8,0
8418,935,3,Node_11,8,0
8419,935,4,Node_03+Node_14,10,0
8420,935,5,Node_02+Node_15,10,0
8421,935,6,Node_05+Node_12,10,0
8422,935,7,Node_08+Node_09,10,0
8423,935,8,Node_01+Node_04+Node_13+Node_16,12,0
8424,936,0,Node_07,8,0
8425,936,1,Node_10,8,0
8426,936,2,Node_06,8,0
8427,936,3,Node_11,8,0
8428,936,4,Node_03+Node_14,10,0
8429,936,5,Node_02+Node_15,10,0
8430,936,6,Node_05+Node_12,10,0
8431,936,7,Node_08+Node_09,10,0
8432,936,8,Node_01+Node_04+Node_13+Node_16,12,0
8433,937,0,Node_07,8,0
8434,937,1,Node_10,8,0
8435,937,2,Node_06,8,0
8436,937,3,Node_11,8,0
8437,937,4,Node_03+Node_14,10,0
8438,937,5,Node_02+Node_15,10,0
8439,937,6,Node_05+Node_12,10,0
8440,937,7,Node_08+Node_09,10,0
8441,937,8,Node_01+Node_04+Node_13+Node_16,12,0
8442,938,0,Node_07,8,0
8443,938,1,Node_10,8,0
8444,938,2,Node_06,8,0
8445,938,3,Node_11,8,0
8446,938,4,Node_03+Node_14,10,0
8447,938,5,Node_02+Node_15,10,0
8448,938,6,Node_05+Node_12,10,0
8449,938,7,Node_08+Node_09,10,0
8450,938,8,Node_01+Node_04+Node_13+Node_16,12,0
8451,939,0,Node_07,8,0
8452,939,1,Node_10,8,0
8453,939,2,Node_06,8,0
8454,939,3,Node_11,8,0
8455,939,4,Node_03+Node_14,10,0
8456,939,5,Node_02+Node_15,10,0
8457,939,6,Node_05+Node_12,10,0
8458,939,7,Node_08+Node_09,10,0
8459,939,8,Node_01+Node_04+Node_13+Node_16,12,0
8460,940,0,Node_07,8,0
8461,940,1,Node_10,8,0
8462,940,2,Node_06,8,0
8463,940,3,Node_11,8,0
8464,940,4,Node_03+Node_14,10,0
8465,940,5,Node_02+Node_15,10,0
8466,940,6,Node_05+Node_12,10,0
8467,940,7,Node_08+Node_09,10,0
8468,940,8,Node_01+Node_04+Node_13+Node_16,12,0
8469,941,0,Node_07,8,0
8470,941,1,Node_10,8,0
8471,941,2,Node_06,8,0
8472,941,3,Node_11,8,0
8473,941,4,Node_03+Node_14,10,0
8474,941,5,Node_02+Node_15,10,0
8475,941,6,Node_05+Node_12,10,0
8476,941,7,Node_08+Node_09,10,0
8477,941,8,Node_01+Node_04+Node_13+Node_16,12,0
8478,942,0,Node_07,8,0
8479,942,1,Node_10,8,0
8480,942,2,Node_06,8,0
8481,942,3,Node_11,8,0
8482,942,4,Node_03+Node_14,10,0
8483,942,5,Node_02+Node_15,10,0
8484,942,6,Node_05+Node_12,10,0
8485,942,7,Node_08+Node_09,10,0
8486,942,8,Node_01+Node_04+Node_13+Node_16,12,0
8487,943,0,Node_07,8,0
8488,943,1,Node_10,8,0
8489,943,2,Node_06,8,0
8490,943,3,Node_11,8,0
8491,943,4,Node_03+Node_14,10,0
8492,943,5,Node_02+Node_15,10,0
8493,943,6,Node_05+Node_12,10,0
8494,943,7,Node_08+Node_09,10,0
8495,943,8,Node_01+Node_04+Node_13+Node_16,12,0
8496,944,0,Node_07,8,0
8497,944,1,Node_10,8,0
8498,944,2,Node_06,8,0
8499,944,3,Node_11,8,0
8500,944,4,Node_03+Node_14,10,0
8501,944,5,Node_02+Node_15,10,0
8502,944,6,Node_05+Node_12,10,0
8503,944,7,Node_08+Node_09,10,0
8504,944,8,Node_01+Node_04+Node_13+Node_16,12,0
8505,945,0,Node_07,8,0
8506,945,1,Node_10,8,0
8507,945,2,Node_06,8,0
8508,945,3,Node_11,8,0
8509,945,4,Node_03+Node_14,10,0
8510,945,5,Node_02+Node_15,10,0
8511,945,6,Node_05+Node_12,10,0
8512,945,7,Node_08+Node_09,10,0
8513,945,8,Node_01+Node_04+Node_13+Node_16,12,0
8514,946,0,Node_07,8,0
8515,946,1,Node_10,8,0
8516,946,2,Node_06,8,0
8517,946,3,Node_11,8,0
8518,946,4,Node_03+Node_14,10,0
8519,946,5,Node_02+Node_15,10,0
8520,946,6,Node_05+Node_12,10,0
8521,946,7,Node_08+Node_09,10,0
8522,946,8,Node_01+Node_04+Node_13+Node_16,12,0
8523,947,0,Node_07,8,0
8524,947,1,Node_10,8,0
8525,947,2,Node_06,8,0
8526,947,3,Node_11,8,0
8527,947,4,Node_03+Node_14,10,0
8528,947,5,Node_02+Node_15,10,0
8529,947,6,Node_05+Node_12,10,0
8530,947,7,Node_08+Node_09,10,0
8531,947,8,Node_01+Node_04+Node_13+Node_16,12,0
8532,948,0,Node_07,8,0
8533,948,1,Node_10,8,0
8534,948,2,Node_06,8,0
8535,948,3,Node_11,8,0
8536,948,4,Node_03+Node_14,10,0
8537,948,5,Node_02+Node_15,10,0
8538,948,6,Node_05+Node_12,10,0
8539,948,7,Node_08+Node_09,10,0
8540,948,8,Node_01+Node_04+Node_13+Node_16,12,0
8541,949,0,Node_07,8,0
8542,949,1,Node_10,8,0
8543,949,2,Node_06,8,0
8544,949,3,Node_11,8,0
8545,949,4,Node_03+Node_14,10,0
8546,949,5,Node_02+Node_15,10,0
8547,949,6,Node_05+Node_12,10,0
8548,949,7,Node_08+Node_09,10,0
8549,949,8,Node_01+Node_04+Node_13+Node_16,12,0
8550,950,0,Node_07,8,0
8551,950,1,Node_10,8,0
8552,950,2,Node_06,8,0
8553,950,3,Node_11,8,0
8554,950,4,Node_03+Node_14,10,0
8555,950,5,Node_02+Node_15,10,0
8556,950,6,Node_05+Node_12,10,0
8557,950,7,Node_08+Node_09,10,0
8558,950,8,Node_01+Node_04+Node_13+Node_16,12,0
8559,951,0,Node_07,8,0
8560,951,1,Node_10,8,0
8561,951,2,Node_06,8,0
8562,951,3,Node_11,8,0
8563,951,4,Node_03+Node_14,10,0
8564,951,5,Node_02+Node_15,10,0
8565,951,6,Node_05+Node_12,10,0
8566,951,7,Node_08+Node_09,10,0
8567,951,8,Node_01+Node_04+Node_13+Node_16,12,0
8568,952,0,Node_07,8,0
8569,952,1,Node_10,8,0
8570,952,2,Node_06,8,0
8571,952,3,Node_11,8,0
8572,952,4,Node_03+Node_14,10,0
8573,952,5,Node_02+Node_15,10,0
8574,952,6,Node_05+Node_12,10,0
8575,952,7,Node_08+Node_09,10,0
8576,952,8,Node_01+Node_04+Node_13+Node_16,12,0
8577,953,0,Node_07,8,0
8578,953,1,Node_10,8,0
8579,953,2,Node_06,8,0
8580,953,3,Node_11,8,0
8581,953,4,Node_03+Node_14,10,0
8582,953,5,Node_02+Node_15,10,0
8583,953,6,Node_05+Node_12,10,0
8584,953,7,Node_08+Node_09,10,0
8585,953,8,Node_01+Node_04+Node_13+Node_16,12,0
8586,954,0,Node_07,8,0
8587,954,1,Node_10,8,0
8588,954,2,Node_06,8,0
8589,954,3,Node_11,8,0
8590,954,4,Node_03+Node_14,10,0
8591,954,5,Node_02+Node_15,10,0
8592,954,6,Node_05+Node_12,10,0
8593,954,7,Node_08+Node_09,10,0
8594,954,8,Node_01+Node_04+Node_13+Node_16,12,0
8595,955,0,Node_07,8,0
8596,955,1,Node_10,8,0
8597,955,2,Node_06,8,0
8598,955,3,Node_11,8,0
8599,955,4,Node_03+Node_14,10,0
8600,955,5,Node_02+Node_15,10,0
8601,955,6,Node_05+Node_12,10,0
8602,955,7,Node_08+Node_09,10,0
8603,955,8,Node_01+Node_04+Node_13+Node_16,12,0
8604,956,0,Node_07,8,0
8605,956,1,Node_10,8,0
8606,956,2,Node_06,8,0
8607,956,3,Node_11,8,0
8608,956,4,Node_03+Node_14,10,0
8609,956,5,Node_02+Node_15,10,0
8610,956,6,Node_05+Node_12,10,0
8611,956,7,Node_08+Node_09,10,0
8612,956,8,Node_01+Node_04+Node_13+Node_16,12,0
8613,957,0,Node_07,8,0
8614,957,1,Node_10,8,0
8615,957,2,Node_06,8,0
8616,957,3,Node_11,8,0
8617,957,4,Node_03+Node_14,10,0
8618,957,5,Node_02+Node_15,10,0
8619,957,6,Node_05+Node_12,10,0
8620,957,7,Node_08+Node_09,10,0
8621,957,8,Node_01+Node_04+Node_13+Node_16,12,0
8622,958,0,Node_07,8,0
8623,958,1,Node_10,8,0
8624,958,2,Node_06,8,0
8625,958,3,Node_11,8,0
8626,958,4,Node_03+Node_14,10,0
8627,958,5,Node_02+Node_15,10,0
8628,958,6,Node_05+Node_12,10,0
8629,958,7,Node_08+Node_09,10,0
8630,958,8,Node_01+Node_04+Node_13+Node_16,12,0
8631,959,0,Node_07,8,0
8632,959,1,Node_10,8,0
8633,959,2,Node_06,8,0
8634,959,3,Node_11,8,0
8635,959,4,Node_03+Node_14,10,0
8636,959,5,Node_02+Node_15,10,0
8637,959,6,Node_05+Node_12,10,0
8638,959,7,Node_08+Node_09,10,0
8639,959,8,Node_01+Node_04+Node_13+Node_16,12,0
8640,960,0,Node_07,8,0
8641,960,1,Node_10,8,0
8642,960,2,Node_06,8,0
8643,960,3,Node_11,8,0
8644,960,4,Node_03+Node_14,10,0
8645,960,5,Node_02+Node_15,10,0
8646,960,6,Node_05+Node_12,10,0
8647,960,7,Node_08+Node_09,10,0
8648,960,8,Node_01+Node_04+Node_13+Node_16,12,0
8649,961,0,Node_07,8,0
8650,961,1,Node_10,8,0
8651,961,2,Node_06,8,0
8652,961,3,Node_11,8,0
8653,961,4,Node_03+Node_14,10,0
8654,961,5,Node_02+Node_15,10,0
8655,961,6,Node_05+Node_12,10,0
8656,961,7,Node_08+Node_09,10,0
8657,961,8,Node_01+Node_04+Node_13+Node_16,12,0
8658,962,0,Node_07,8,0
8659,962,1,Node_10,8,0
8660,962,2,Node_06,8,0
8661,962,3,Node_11,8,0
8662,962,4,Node_03+Node_14,10,0
8663,962,5,Node_02+Node_15,10,0
8664,962,6,Node_05+Node_12,10,0
8665,962,7,Node_08+Node_09,10,0
8666,962,8,Node_01+Node_04+Node_13+Node_16,12,0
8667,963,0,Node_07,8,0
8668,963,1,Node_10,8,0
8669,963,2,Node_06,8,0
8670,963,3,Node_11,8,0
8671,963,4,Node_03+Node_14,10,0
8672,963,5,Node_02+Node_15,10,0
8673,963,6,Node_05+Node_12,10,0
8674,963,7,Node_08+Node_09,10,0
8675,963,8,Node_01+Node_04+Node_13+Node_16,12,0
8676,964,0,Node_07,8,0
8677,964,1,Node_10,8,0
8678,964,2,Node_06,8,0
8679,964,3,Node_11,8,0
8680,964,4,Node_03+Node_14,10,0
8681,964,5,Node_02+Node_15,10,0
8682,964,6,Node_05+Node_12,10,0
8683,964,7,Node_08+Node_09,10,0
8684,964,8,Node_01+Node_04+Node_13+Node_16,12,0
8685,965,0,Node_07,8,0
8686,965,1,Node_10,8,0
8687,965,2,Node_06,8,0
8688,965,3,Node_11,8,0
8689,965,4,Node_03+Node_14,10,0
8690,965,5,Node_02+Node_15,10,0
8691,965,6,Node_05+Node_12,10,0
8692,965,7,Node_08+Node_09,10,0
8693,965,8,Node_01+Node_04+Node_13+Node_16,12,0
8694,966,0,Node_07,8,0
8695,966,1,Node_10,8,0
8696,966,2,Node_06,8,0
8697,966,3,Node_11,8,0
8698,966,4,Node_03+Node_14,10,0
8699,966,5,Node_02+Node_15,10,0
8700,966,6,Node_05+Node_12,10,0
8701,966,7,Node_08+Node_09,10,0
8702,966,8,Node_01+Node_04+Node_13+Node_16,12,0
8703,967,0,Node_07,8,0
8704,967,1,Node_10,8,0
8705,967,2,Node_06,8,0
8706,967,3,Node_11,8,0
8707,967,4,Node_03+Node_14,10,0
8708,967,5,Node_02+Node_15,10,0
8709,967,6,Node_05+Node_12,10,0
8710,967,7,Node_08+Node_09,10,0
8711,967,8,Node_01+Node_04+Node_13+Node_16,12,0
8712,968,0,Node_07,8,0
8713,968,1,Node_10,8,0
8714,968,2,Node_06,8,0
8715,968,3,Node_11,8,0
8716,968,4,Node_03+Node_14,10,0
8717,968,5,Node_02+Node_15,10,0
8718,968,6,Node_05+Node_12,10,0
8719,968,7,Node_08+Node_09,10,0
8720,968,8,Node_01+Node_04+Node_13+Node_16,12,0
8721,969,0,Node_07,8,0
8722,969,1,Node_10,8,0
8723,969,2,Node_06,8,0
8724,969,3,Node_11,8,0
8725,969,4,Node_03+Node_14,10,0
8726,969,5,Node_02+Node_15,10,0
8727,969,6,Node_05+Node_12,10,0
8728,969,7,Node_08+Node_09,10,0
8729,969,8,Node_01+Node_04+Node_13+Node_16,12,0
8730,970,0,Node_07,8,0
8731,970,1,Node_10,8,0
8732,970,2,Node_06,8,0
8733,970,3,Node_11,8,0
8734,970,4,Node_03+Node_14,10,0
8735,970,5,Node_02+Node_15,10,0
8736,970,6,Node_05+Node_12,10,0
8737,970,7,Node_08+Node_09,10,0
8738,970,8,Node_01+Node_04+Node_13+Node_16,12,0
8739,971,0,Node_07,8,0
8740,971,1,Node_10,8,0
8741,971,2,Node_06,8,0
8742,971,3,Node_11,8,0
8743,971,4,Node_03+Node_14,10,0
8744,971,5,Node_02+Node_15,10,0
8745,971,6,Node_05+Node_12,10,0
8746,971,7,Node_08+Node_09,10,0
8747,971,8,Node_01+Node_04+Node_13+Node_16,12,0
8748,972,0,Node_07,8,0
8749,972,1,Node_10,8,0
8750,972,2,Node_06,8,0
8751,972,3,Node_11,8,0
8752,972,4,Node_03+Node_14,10,0
8753,972,5,Node_02+Node_15,10,0
8754,972,6,Node_05+Node_12,10,0
8755,972,7,Node_08+Node_09,10,0
8756,972,8,Node_01+Node_04+Node_13+Node_16,12,0
8757,973,0,Node_07,8,0
8758,973,1,Node_10,8,0
8759,973,2,Node_06,8,0
8760,973,3,Node_11,8,0
8761,973,4,Node_03+Node_14,10,0
8762,973,5,Node_02+Node_15,10,0
8763,973,6,Node_05+Node_12,10,0
8764,973,7,Node_08+Node_09,10,0
8765,973,8,Node_01+Node_04+Node_13+Node_16,12,0
8766,974,0,Node_07,8,0
8767,974,1,Node_10,8,0
8768,974,2,Node_06,8,0
8769,974,3,Node_11,8,0
8770,974,4,Node_03+Node_14,10,0
8771,974,5,Node_02+Node_15,10,0
8772,974,6,Node_05+Node_12,10,0
8773,974,7,Node_08+Node_09,10,0
8774,974,8,Node_01+Node_04+Node_13+Node_16,12,0
8775,975,0,Node_07,8,0
8776,975,1,Node_10,8,0
8777,975,2,Node_06,8,0
8778,975,3,Node_11,8,0
8779,975,4,Node_03+Node_14,10,0
8780,975,5,Node_02+Node_15,10,0
8781,975,6,Node_05+Node_12,10,0
8782,975,7,Node_08+Node_09,10,0
8783,975,8,Node_01+Node_04+Node_13+Node_16,12,0
8784,976,0,Node_07,8,0
8785,976,1,Node_10,8,0
8786,976,2,Node_06,8,0
8787,976,3,Node_11,8,0
8788,976,4,Node_03+Node_14,10,0
8789,976,5,Node_02+Node_15,10,0
8790,976,6,Node_05+Node_12,10,0
8791,976,7,Node_08+Node_09,10,0
8792,976,8,Node_01+Node_04+Node_13+Node_16,12,0
8793,977,0,Node_07,8,0
8794,977,1,Node_10,8,0
8795,977,2,Node_06,8,0
8796,977,3,Node_11,8,0
8797,977,4,Node_03+Node_14,10,0
8798,977,5,Node_02+Node_15,10,0
8799,977,6,Node_05+Node_12,10,0
8800,977,7,Node_08+Node_09,10,0
8801,977,8,Node_01+Node_04+Node_13+Node_16,12,0
8802,978,0,Node_07,8,0
8803,978,1,Node_10,8,0
8804,978,2,Node_06,8,0
8805,978,3,Node_11,8,0
8806,978,4,Node_03+Node_14,10,0
8807,978,5,Node_02+Node_15,10,0
8808,978,6,Node_05+Node_12,10,0
8809,978,7,Node_08+Node_09,10,0
8810,978,8,Node_01+Node_04+Node_13+Node_16,12,0
8811,979,0,Node_07,8,0
8812,979,1,Node_10,8,0
8813,979,2,Node_06,8,0
8814,979,3,Node_11,8,0
8815,979,4,Node_03+Node_14,10,0
8816,979,5,Node_02+Node_15,10,0
8817,979,6,Node_05+Node_12,10,0
8818,979,7,Node_08+Node_09,10,0
8819,979,8,Node_01+Node_04+Node_13+Node_16,12,0
8820,980,0,Node_07,8,0
8821,980,1,Node_10,8,0
8822,980,2,Node_06,8,0
8823,980,3,Node_11,8,0
8824,980,4,Node_03+Node_14,10,0
8825,980,5,Node_02+Node_15,10,0
8826,980,6,Node_05+Node_12,10,0
8827,980,7,Node_08+Node_09,10,0
8828,980,8,Node_01+Node_04+Node_13+Node_16,12,0
8829,981,0,Node_07,8,0
8830,981,1,Node_10,8,0
8831,981,2,Node_06,8,0
8832,981,3,Node_11,8,0
8833,981,4,Node_03+Node_14,10,0
8834,981,5,Node_02+Node_15,10,0
8835,981,6,Node_05+Node_12,10,0
8836,981,7,Node_08+Node_09,10,0
8837,981,8,Node_01+Node_04+Node_13+Node_16,12,0
8838,982,0,Node_07,8,0
8839,982,1,Node_10,8,0
8840,982,2,Node_06,8,0
8841,982,3,Node_11,8,0
8842,982,4,Node_03+Node_14,10,0
8843,982,5,Node_02+Node_15,10,0
8844,982,6,Node_05+Node_12,10,0
8845,982,7,Node_08+Node_09,10,0
8846,982,8,Node_01+Node_04+Node_13+Node_16,12,0
8847,983,0,Node_07,8,0
8848,983,1,Node_10,8,0
8849,983,2,Node_06,8,0
8850,983,3,Node_11,8,0
8851,983,4,Node_03+Node_14,10,0
8852,983,5,Node_02+Node_15,10,0
8853,983,6,Node_05+Node_12,10,0
8854,983,7,Node_08+Node_09,10,0
8855,983,8,Node_01+Node_04+Node_13+Node_16,12,0
8856,984,0,Node_07,8,0
8857,984,1,Node_10,8,0
8858,984,2,Node_06,8,0
8859,984,3,Node_11,8,0
8860,984,4,Node_03+Node_14,10,0
8861,984,5,Node_02+Node_15,10,0
8862,984,6,Node_05+Node_12,10,0
8863,984,7,Node_08+Node_09,10,0
8864,984,8,Node_01+Node_04+Node_13+Node_16,12,0
8865,985,0,Node_07,8,0
8866,985,1,Node_10,8,0
8867,985,2,Node_06,8,0
8868,985,3,Node_11,8,0
8869,985,4,Node_03+Node_14,10,0
8870,985,5,Node_02+Node_15,10,0
8871,985,6,Node_05+Node_12,10,0
8872,985,7,Node_08+Node_09,10,0
8873,985,8,Node_01+Node_04+Node_13+Node_16,12,0
8874,986,0,Node_07,8,0
8875,986,1,Node_10,8,0
8876,986,2,Node_06,8,0
8877,986,3,Node_11,8,0
8878,986,4,Node_03+Node_14,10,0
8879,986,5,Node_02+Node_15,10,0
8880,986,6,Node_05+Node_12,10,0
8881,986,7,Node_08+Node_09,10,0
8882,986,8,Node_01+Node_04+Node_13+Node_16,12,0
8883,987,0,Node_07,8,0
8884,987,1,Node_10,8,0
8885,987,2,Node_06,8,0
8886,987,3,Node_11,8,0
8887,987,4,Node_03+Node_14,10,0
8888,987,5,Node_02+Node_15,10,0
8889,987,6,Node_05+Node_12,10,0
8890,987,7,Node_08+Node_09,10,0
8891,987,8,Node_01+Node_04+Node_13+Node_16,12,0
8892,988,0,Node_07,8,0
8893,988,1,Node_10,8,0
8894,988,2,Node_06,8,0
8895,988,3,Node_11,8,0
8896,988,4,Node_03+Node_14,10,0
8897,988,5,Node_02+Node_15,10,0
8898,988,6,Node_05+Node_12,10,0
8899,988,7,Node_08+Node_09,10,0
8900,988,8,Node_01+Node_04+Node_13+Node_16,12,0
8901,989,0,Node_07,8,0
8902,989,1,Node_10,8,0
8903,989,2,Node_06,8,0
8904,989,3,Node_11,8,0
8905,989,4,Node_03+Node_14,10,0
8906,989,5,Node_02+Node_15,10,0
8907,989,6,Node_05+Node_12,10,0
8908,989,7,Node_08+Node_09,10,0
8909,989,8,Node_01+Node_04+Node_13+Node_16,12,0
8910,990,0,Node_07,8,0
8911,990,1,Node_10,8,0
8912,990,2,Node_06,8,0
8913,990,3,Node_11,8,0
8914,990,4,Node_03+Node_14,10,0
8915,990,5,Node_02+Node_15,10,0
8916,990,6,Node_05+Node_12,10,0
8917,990,7,Node_08+Node_09,10,0
8918,990,8,Node_01+Node_04+Node_13+Node_16,12,0
8919,991,0,Node_07,8,0
8920,991,1,Node_10,8,0
8921,991,2,Node_06,8,0
8922,991,3,Node_11,8,0
8923,991,4,Node_03+Node_14,10,0
8924,991,5,Node_02+Node_15,10,0
8925,991,6,Node_05+Node_12,10,0
8926,991,7,Node_08+Node_09,10,0
8927,991,8,Node_01+Node_04+Node_13+Node_16,12,0
8928,992,0,Node_07,8,0
8929,992,1,Node_10,8,0
8930,992,2,Node_06,8,0
8931,992,3,Node_11,8,0
8932,992,4,Node_03+Node_14,10,0
8933,992,5,Node_02+Node_15,10,0
8934,992,6,Node_05+Node_12,10,0
8935,992,7,Node_08+Node_09,10,0
8936,992,8,Node_01+Node_04+Node_13+Node_16,12,0
8937,993,0,Node_07,8,0
8938,993,1,Node_10,8,0
8939,993,2,Node_06,8,0
8940,993,3,Node_11,8,0
8941,993,4,Node_03+Node_14,10,0
8942,993,5,Node_02+Node_15,10,0
8943,993,6,Node_05+Node_12,10,0
8944,993,7,Node_08+Node_09,10,0
8945,993,8,Node_01+Node_04+Node_13+Node_16,12,0
8946,994,0,Node_07,8,0
8947,994,1,Node_10,8,0
8948,994,2,Node_06,8,0
8949,994,3,Node_11,8,0
8950,994,4,Node_03+Node_14,10,0
8951,994,5,Node_02+Node_15,10,0
8952,994,6,Node_05+Node_12,10,0
8953,994,7,Node_08+Node_09,10,0
8954,994,8,Node_01+Node_04+Node_13+Node_16,12,0
8955,995,0,Node_07,8,0
8956,995,1,Node_10,8,0
8957,995,2,Node_06,8,0
8958,995,3,Node_11,8,0
8959,995,4,Node_03+Node_14,10,0
8960,995,5,Node_02+Node_15,10,0
8961,995,6,Node_05+Node_12,10,0
8962,995,7,Node_08+Node_09,10,0
8963,995,8,Node_01+Node_04+Node_13+Node_16,12,0
8964,996,0,Node_07,8,0
8965,996,1,Node_10,8,0
8966,996,2,Node_06,8,0
8967,996,3,Node_11,8,0
8968,996,4,Node_03+Node_14,10,0
8969,996,5,Node_02+Node_15,10,0
8970,996,6,Node_05+Node_12,10,0
8971,996,7,Node_08+Node_09,10,0
8972,996,8,Node_01+Node_04+Node_13+Node_16,12,0
8973,997,0,Node_07,8,0
8974,997,1,Node_10,8,0
8975,997,2,Node_06,8,0
8976,997,3,Node_11,8,0
8977,997,4,Node_03+Node_14,10,0
8978,997,5,Node_02+Node_15,10,0
8979,997,6,Node_05+Node_12,10,0
8980,997,7,Node_08+Node_09,10,0
8981,997,8,Node_01+Node_04+Node_13+Node_16,12,0
8982,998,0,Node_07,8,0
8983,998,1,Node_10,8,0
8984,998,2,Node_06,8,0
8985,998,3,Node_11,8,0
8986,998,4,Node_03+Node_14,10,0
8987,998,5,Node_02+Node_15,10,0
8988,998,6,Node_05+Node_12,10,0
8989,998,7,Node_08+Node_09,10,0
8990,998,8,Node_01+Node_04+Node_13+Node_16,12,0
8991,999,0,Node_07,8,0
8992,999,1,Node_10,8,0
8993,999,2,Node_06,8,0
8994,999,3,Node_11,8,0
8995,999,4,Node_03+Node_14,10,0
8996,999,5,Node_02+Node_15,10,0
8997,999,6,Node_05+Node_12,10,0
8998,999,7,Node_08+Node_09,10,0
8999,999,8,Node_01+Node_04+Node_13+Node_16,12,0
